"","year","state","ava","aal","funded_ratio"
"1",2001,"Alabama",25503769000,25248739000,1.01010070245488
"2",2001,"Alaska",9047750000,10131173000,0.893060458053574
"3",2001,"Arizona",27326301874,23241145027,1.1757726154307
"4",2001,"Arkansas",1.2508e+10,1.2672e+10,0.987058080808081
"5",2001,"California",315068500000,286487200000,1.09976466662385
"6",2001,"Colorado",1822413000,1746761000,1.04330987467662
"7",2001,"Connecticut",8991954000,13343466407,0.67388441097156
"8",2001,"Delaware",4759031000,4232244000,1.12446990296401
"9",2001,"Florida",95517948000,80993718000,1.17932538916166
"10",2001,"Georgia",50335458000,48710676000,1.0333557678403
"11",2001,"Hawaii",9515957000,10506913000,0.905685333075471
"12",2001,"Idaho",6492800000,6751300000,0.961711077866485
"13",2001,"Illinois",58650626254,81972771720,0.715489119415615
"14",2001,"Indiana",14534063564,21829497759,0.665799265033837
"15",2001,"Iowa",16374750433,16827787750,0.973078022867266
"16",2001,"Kansas",9835182000,11743052000,0.837532014675572
"17",2001,"Kentucky",27416082162,25271500709,1.08486165810629
"18",2001,"Louisiana",22496261306,28103228349,0.800486727952751
"19",2001,"Maine",7389558862,9364416266,0.789110463706078
"20",2001,"Maryland",30204708000,30916850360,0.976965882626861
"21",2001,"Massachusetts",2.8312e+10,33339683000,0.849198236227981
"22",2001,"Michigan",53066400000,54436061000,0.974839086906013
"23",2001,"Minnesota",39200008000,38294874000,1.02363590489944
"24",2001,"Mississippi",16191631000,18494207000,0.875497446308458
"25",2001,"Missouri",32630481857,33587664873,0.971501948122346
"26",2001,"Nebraska",1486008665,1704201512,0.871967695449386
"27",2001,"Nevada",14031060100,19878391000,0.705844859375188
"28",2001,"New Hampshire",3264901000,3909603855,0.835097652112378
"29",2001,"New Jersey",81174940440,74373446081,1.09145057432988
"30",2001,"New Mexico",15726510019,15946874893,0.986181312923153
"31",2001,"New York",206723969690,167813110000,1.23187020185729
"32",2001,"North Dakota",2.53e+09,2476422500,1.02163504006283
"33",2001,"Ohio",120668672000,125959956000,0.957992332102752
"34",2001,"Oklahoma",12388267650,19224732160,0.644392210351606
"35",2001,"Oregon",41804600000,45386100000,0.921088174573272
"36",2001,"Pennsylvania",82289394000,71576051000,1.14967776023296
"37",2001,"Rhode Island",6921616880,8526625506,0.811765085159353
"38",2001,"South Carolina",20684755000,23486404000,0.880711879093964
"39",2001,"South Dakota",4521400000,4688408562,0.964378411183355
"40",2001,"Tennessee",23948979000,24370353000,0.982709565183565
"41",2001,"Texas",122685015000,122136122642,1.00449410335064
"42",2001,"Utah",12398294000,11799887000,1.05071294326802
"43",2001,"Vermont",2071667000,2281334000,0.908094562216668
"44",2001,"Virginia",3.7968e+10,3.5384e+10,1.07302735699751
"45",2001,"Washington",18626100000,1.037e+10,1.79615236258438
"46",2001,"West Virginia",3772058000,8366863000,0.450833006348974
"47",2001,"Wisconsin",58024300000,60134700000,0.96490545392261
"48",2001,"Wyoming",4582462306,4442033000,1.0316137466786
"49",2002,"Alabama",26005727000,26867643000,0.967919925093541
"50",2002,"Alaska",7310615000,11544824000,0.633237457755961
"51",2002,"Arizona",28108525235,26061449081,1.07854805569858
"52",2002,"Arkansas",1.2732e+10,1.346e+10,0.94591381872214
"53",2002,"California",305876300000,314889594000,0.971376335795968
"54",2002,"Colorado",1839632000,1966143000,0.935655239725696
"55",2002,"Connecticut",19684384000,27805715474,0.707925822603129
"56",2002,"Delaware",4956156000,4521732000,1.09607468996393
"57",2002,"Florida",99405677000,86469774000,1.14960028691644
"58",2002,"Georgia",52626747000,51701373000,1.01789844149787
"59",2002,"Hawaii",9415160000,11210226000,0.83987245217001
"60",2002,"Idaho",6062100000,7209500000,0.840848879950066
"61",2002,"Illinois",56655050504,90552666759,0.625658553544135
"62",2002,"Indiana",15171428529,23730792923,0.639314016106718
"63",2002,"Iowa",16882830305,18223012416,0.926456609894898
"64",2002,"Kansas",9962918000,12613599000,0.789855298238037
"65",2002,"Kentucky",27502614498,27536384350,0.998773627954536
"66",2002,"Louisiana",22318402000,29750549436,0.750184531818876
"67",2002,"Maine",7612509160,9824917223,0.774816620559328
"68",2002,"Maryland",30586265000,32502795424,0.941034904875141
"69",2002,"Massachusetts",30714496000,36581190000,0.839625392175596
"70",2002,"Michigan",5.3131e+10,57890884000,0.917778350042124
"71",2002,"Minnesota",40742115000,40687912000,1.00133216469796
"72",2002,"Mississippi",16823185000,20180347000,0.833642008237024
"73",2002,"Missouri",34153975947,36455731175,0.936861635912587
"74",2002,"Montana",5673381000,6057864000,0.936531589352287
"75",2002,"Nebraska",4799789893,5055867993,0.94935031920245
"76",2002,"Nevada",15052331600,21796880000,0.690572760872198
"77",2002,"New Hampshire",3443395000,4196314000,0.820576105601249
"78",2002,"New Jersey",81149657102,80064445927,1.01355422075848
"79",2002,"New Mexico",16364334201,17246751682,0.948835728763872
"80",2002,"New York",196478151050,175633849000,1.1186804375619
"81",2002,"North Carolina",52868118060,50700443049,1.04275455756679
"82",2002,"North Dakota",2593500000,2679260900,0.967990836577356
"83",2002,"Ohio",110089824000,134581949000,0.818013298351029
"84",2002,"Oklahoma",12980705370,20469908793,0.634135965199755
"85",2002,"Oregon",39772700000,3.8947e+10,1.02120060595168
"86",2002,"Pennsylvania",82775392900,77643373500,1.06609732638678
"87",2002,"Rhode Island",6814873265,8955987519,0.760929294568839
"88",2002,"South Carolina",21649274000,24974450000,0.866856887739269
"89",2002,"South Dakota",4425400000,4576948810,0.966888681457637
"90",2002,"Tennessee",24826880000,25222786500,0.984303617683161
"91",2002,"Texas",124378051000,130064225451,0.9562817951571
"92",2002,"Utah",12105500000,12831293000,0.943435708310924
"93",2002,"Vermont",2159744000,2324331000,0.929189517327782
"94",2002,"Virginia",3.8957e+10,3.8265e+10,1.01808441134196
"95",2002,"Washington",1.8666e+10,1.1698e+10,1.59565737732946
"96",2002,"West Virginia",3687218000,9141468000,0.403350752855012
"97",2002,"Wisconsin",57861900000,59618800000,0.970531107637188
"98",2002,"Wyoming",4352423802,4718618000,0.922393760630761
"99",2003,"Alabama",26422970000,28482014000,0.927707219018992
"100",2003,"Alaska",7302458000,12166150000,0.600227516510975
"101",2003,"Arizona",28165175582,28383910763,0.992293691210264
"102",2003,"Arkansas",1.2529e+10,1.4119e+10,0.887385792194915
"103",2003,"California",308692300000,345653757000,0.893067972641767
"104",2003,"Colorado",1907786000,2379229000,0.801850515440086
"105",2003,"Connecticut",19593287000,29977186404,0.653606603900144
"106",2003,"Delaware",5125442000,4794944000,1.06892635242455
"107",2003,"Florida",101906723000,89251331000,1.14179499463151
"108",2003,"Georgia",54801397000,54276239000,1.00967565199203
"109",2003,"Hawaii",9073960000,11952057000,0.759196513202706
"110",2003,"Idaho",6297800000,7578800000,0.830975880086557
"111",2003,"Illinois",57871371818,100518547490,0.575728293564501
"112",2003,"Indiana",15848316927,23781912281,0.666402126950138
"113",2003,"Iowa",17375666585,19416484598,0.894892507307414
"114",2003,"Kansas",9784862000,14439546000,0.677643327567224
"115",2003,"Kentucky",27354615554,29389349905,0.93076626881584
"116",2003,"Louisiana",22021563000,31514777340,0.698769430049224
"117",2003,"Maine",7787205499,10415579801,0.747649737007665
"118",2003,"Maryland",30870684000,33235259813,0.928853397677514
"119",2003,"Massachusetts",28709520000,40442661000,0.709882072299842
"120",2003,"Michigan",53626500000,62197847000,0.862192223470372
"121",2003,"Minnesota",41020488000,42854201000,0.95721042611435
"122",2003,"Mississippi",16979457000,21485838000,0.79026273026912
"123",2003,"Missouri",31750906234,38549801766,0.823633450224471
"124",2003,"Montana",5661034000,6465574500,0.875565504658557
"125",2003,"Nebraska",4952902870,5464572876,0.906365965353447
"126",2003,"Nevada",15882968000,23540081000,0.6747201931888
"127",2003,"New Hampshire",3500037000,4669192000,0.749602286648311
"128",2003,"New Jersey",80243196778,85966027788,0.933429156176519
"129",2003,"New Mexico",16489280804,18482545484,0.892154212106469
"130",2003,"New York",178392567590,179493729000,0.993865181718967
"131",2003,"North Carolina",54620297430,53196407198,1.02676666164127
"132",2003,"North Dakota",2604900000,2879130500,0.904752320188335
"133",2003,"Ohio",113628215000,142142831000,0.799394624411273
"134",2003,"Oklahoma",13183738771,20546763031,0.641645535654886
"135",2003,"Oregon",35446900000,44078100000,0.804183937147926
"136",2003,"Pennsylvania",81387594450,81578795400,0.997656242053312
"137",2003,"Rhode Island",6581201103,9626230375,0.683673758742762
"138",2003,"South Carolina",22709305000,27143780000,0.836630159837723
"139",2003,"South Dakota",4685800000,4818943695,0.972370771806663
"140",2003,"Tennessee",25704781000,26075220000,0.985793446805051
"141",2003,"Texas",129782143000,138733625734,0.935477194612047
"142",2003,"Utah",12999980000,13507895000,0.962398656489409
"143",2003,"Vermont",2243470000,2410826000,0.930581468758011
"144",2003,"Virginia",3.9243e+10,4.0698e+10,0.964248857437712
"145",2003,"Washington",19077700000,1.3265e+10,1.43819826611383
"146",2003,"West Virginia",3891179000,9934835000,0.391670218981996
"147",2003,"Wisconsin",62685300000,63211700000,0.991672427730942
"148",2003,"Wyoming",4657897625,5077443000,0.917370736608959
"149",2004,"Alabama",27267954000,30432668000,0.896009314727187
"150",2004,"Alaska",7357369000,12835107000,0.573222256736933
"151",2004,"Arizona",28267330319,30469107492,0.927737391927935
"152",2004,"Arkansas",1.2862e+10,1.5055e+10,0.854334108269678
"153",2004,"California",325286100000,367897183000,0.884176653236293
"154",2004,"Colorado",1990652000,2576988000,0.772472359203846
"155",2004,"Connecticut",19519418000,31592402117,0.61785165710766
"156",2004,"Delaware",5387560000,5229927000,1.03014057366384
"157",2004,"Florida",106707426000,95185433000,1.12104786033804
"158",2004,"Georgia",57415345000,57336679000,1.00137200133269
"159",2004,"Hawaii",8797133000,12271331000,0.716884989900444
"160",2004,"Idaho",7420200000,8154800000,0.909918085054201
"161",2004,"Illinois",72437208910,107893365850,0.67137778434595
"162",2004,"Indiana",16658370627,25042279052,0.665209847410816
"163",2004,"Iowa",18224530580,20639652161,0.882986323501927
"164",2004,"Kansas",10853462000,15714092000,0.69068336878771
"165",2004,"Kentucky",27298321506,31648106815,0.862557803712342
"166",2004,"Louisiana",21391555000,33148002238,0.645334667423103
"167",2004,"Maine",8273559503,10977271798,0.75369906614751
"168",2004,"Maryland",31670070000,34345756531,0.922095571585824
"169",2004,"Massachusetts",33005403000,43515112000,0.758481398370295
"170",2004,"Michigan",53664400000,64485795000,0.832189476767713
"171",2004,"Minnesota",41629688000,45048802000,0.924101999427199
"172",2004,"Mississippi",17103285000,22847260000,0.748592391385225
"173",2004,"Missouri",33597589965,41098570683,0.8174880392835
"174",2004,"Montana",5648687000,6873285000,0.821832209780331
"175",2004,"Nebraska",5118011165,5868266970,0.872150362477459
"176",2004,"Nevada",16830310500,25793773000,0.652495100270907
"177",2004,"New Hampshire",3575641000,5029877000,0.710880405226609
"178",2004,"New Jersey",80444711277,92424247181,0.870385355906229
"179",2004,"New Mexico",16755268071,19877324296,0.842933778283817
"180",2004,"New York",189431088270,188796610000,1.00336064439928
"181",2004,"North Carolina",57481887710,56283357766,1.02129457075008
"182",2004,"North Dakota",2642100000,3073257600,0.859706651339608
"183",2004,"Ohio",120592798000,150267304000,0.802521871291442
"184",2004,"Oklahoma",13473041797,22922040807,0.587776712834643
"185",2004,"Oregon",42753300000,47398600000,0.901994995632782
"186",2004,"Pennsylvania",80068757000,85167706700,0.940130480230484
"187",2004,"Rhode Island",6422877071,10272519301,0.625248479248392
"188",2004,"South Carolina",23479494000,28962436000,0.810687816453008
"189",2004,"South Dakota",4937500000,5051728157,0.977388300904173
"190",2004,"Tennessee",26727977500,27096157000,0.986412113717824
"191",2004,"Texas",131874890000,143812305334,0.916993088273805
"192",2004,"Utah",13618312000,14545786000,0.936237615485337
"193",2004,"Vermont",2366192000,2532296000,0.934405772468937
"194",2004,"Virginia",3.9691e+10,4.3958e+10,0.902930069611902
"195",2004,"Washington",20146500000,1.4927e+10,1.34966838614591
"196",2004,"West Virginia",4523135000,10310939000,0.438673432167526
"197",2004,"Wisconsin",66209400000,66622300000,0.993802375480883
"198",2004,"Wyoming",4704299324,4902322000,0.959606350623235
"199",2005,"Alabama",28183565000,33662314000,0.837243838911371
"200",2005,"Alaska",7299055000,13585747000,0.537258275161462
"201",2005,"Arizona",28568234209,33343962085,0.856773833180779
"202",2005,"Arkansas",1.3401e+10,1.6296e+10,0.822349042709867
"203",2005,"California",346646900000,389746384000,0.889416590456424
"204",2005,"Colorado",34079860000,46528340000,0.732453812020803
"205",2005,"Connecticut",20048677000,33544296661,0.597677667909175
"206",2005,"Delaware",5660057000,5572719500,1.01567233017919
"207",2005,"Florida",111539878000,103925498000,1.07326767873655
"208",2005,"Georgia",59971367000,61323987000,0.977943051876259
"209",2005,"Hawaii",8914839000,12985989000,0.686496731207766
"210",2005,"Idaho",8270100000,8778700000,0.942064314761867
"211",2005,"Illinois",77628044285,116544658490,0.666079812586699
"212",2005,"Indiana",17537236476,27123215803,0.646576593401593
"213",2005,"Iowa",19318694133,21840730422,0.884526009878334
"214",2005,"Kansas",10971427000,16491762000,0.66526711942605
"215",2005,"Kentucky",27094379408,34333713121,0.789147952407976
"216",2005,"Louisiana",22948378000,34616931803,0.662923511840851
"217",2005,"Maine",8888156289,11629785117,0.764257997854803
"218",2005,"Maryland",32657202000,36976954222,0.883177175814283
"219",2005,"Massachusetts",33894349000,45742013000,0.740989448802789
"220",2005,"Michigan",53134100000,67215461000,0.790504137135949
"221",2005,"Minnesota",42493550000,47325641000,0.897896977243266
"222",2005,"Mississippi",17180705000,23727098000,0.724096347560077
"223",2005,"Missouri",35898189295,43640704285,0.82258501284863
"224",2005,"Montana",5802710000,7246998000,0.800705340335405
"225",2005,"Nebraska",5335197409,6234657830,0.855732191641382
"226",2005,"Nevada",17886538620,28473274000,0.628186931365884
"227",2005,"New Hampshire",3610800000,5991026000,0.60270144045444
"228",2005,"New Jersey",81280670023,99946906033,0.813238480800628
"229",2005,"New Mexico",17454984609,21494568775,0.812064889122206
"230",2005,"New York",197819545690,194987100000,1.01452632348499
"231",2005,"North Carolina",60760806470,60090856979,1.01114894219655
"232",2005,"North Dakota",2705800000,3326382100,0.81343631568965
"233",2005,"Ohio",126569570000,159114132000,0.795464038354557
"234",2005,"Oklahoma",13827198963,23439391922,0.589912870138151
"235",2005,"Oregon",45581100000,4.9294e+10,0.924678459853126
"236",2005,"Pennsylvania",79193451648,91136018200,0.868958872815885
"237",2005,"Rhode Island",6331333431,10779929451,0.587326054384584
"238",2005,"South Carolina",24400116000,33391401000,0.730730525502659
"239",2005,"South Dakota",5.381e+09,5571842384,0.965748782745898
"240",2005,"Tennessee",27751174000,28117094000,0.986985852805414
"241",2005,"Texas",135086883000,153109923067,0.882286923629939
"242",2005,"Utah",14568884000,15429070000,0.944249005286774
"243",2005,"Vermont",2502914000,2666946000,0.938494442707126
"244",2005,"Virginia",4.0372e+10,4.9628e+10,0.81349238333199
"245",2005,"Washington",21761700000,1.7308e+10,1.25732031430552
"246",2005,"West Virginia",5032006000,10692093000,0.47062871600537
"247",2005,"Wisconsin",68615100000,68978600000,0.994730249671637
"248",2005,"Wyoming",4843861114,5091763000,0.951313153027743
"249",2006,"Alabama",29108664000,35402664000,0.822216768771977
"250",2006,"Alaska",9627999000,12953379000,0.743280884470376
"251",2006,"Arizona",29686351990,35668220041,0.832291377474852
"252",2006,"Arkansas",1.4281e+10,1.7559e+10,0.81331510906088
"253",2006,"California",372242500000,419304708000,0.887761317480843
"254",2006,"Colorado",36476409000,49243113000,0.74074132965558
"255",2006,"Connecticut",20729393000,35492649168,0.584047499578857
"256",2006,"Delaware",5998746000,5901072200,1.01655187340362
"257",2006,"Florida",117159615000,110977831000,1.05570287276564
"258",2006,"Georgia",62724159000,65302526000,0.960516580935935
"259",2006,"Hawaii",9529371000,14661399000,0.649963281130266
"260",2006,"Idaho",9237300000,9638800000,0.958345437191352
"261",2006,"Illinois",83087028356,124048574941,0.669794299495322
"262",2006,"Indiana",18864659965,28816500483,0.654647845810737
"263",2006,"Iowa",20672609608,23368684438,0.884628728795024
"264",2006,"Kansas",11339293000,17552791000,0.646010825286987
"265",2006,"Kentucky",27357680515,38027975188,0.719409339565176
"266",2006,"Louisiana",25090627000,36271628483,0.691742500940084
"267",2006,"Maine",9530600000,12318475740,0.773683384304818
"268",2006,"Maryland",33863393000,40908574778,0.827782272635203
"269",2006,"Massachusetts",35321338000,48194642000,0.732889311637588
"270",2006,"Michigan",59378700000,69122220000,0.859039249607434
"271",2006,"Minnesota",45035526000,51496593000,0.874534088109479
"272",2006,"Mississippi",18321063000,24928464000,0.734945522515948
"273",2006,"Missouri",38602165855,46930759188,0.82253444271727
"274",2006,"Montana",6329584000,7652913000,0.827081661584288
"275",2006,"Nebraska",5739048994,6584275406,0.871629547690278
"276",2006,"Nevada",19282027900,31133611000,0.61933156099368
"277",2006,"New Hampshire",3928270000,6402875000,0.613516584346875
"278",2006,"New Jersey",83264012838,107601232276,0.773820253511833
"279",2006,"New Mexico",18664117103,23218022238,0.803863348552281
"280",2006,"New York",210371548380,1.9743e+11,1.06555006017323
"281",2006,"North Carolina",64066031691,63872115484,1.00303600727063
"282",2006,"North Dakota",2878500000,3388442900,0.849505240297837
"283",2006,"Ohio",138885050000,169146677000,0.821092394265599
"284",2006,"Oklahoma",14614884043,24968116958,0.585341860885399
"285",2006,"Oregon",51382600000,51252900000,1.00253058851304
"286",2006,"Pennsylvania",81949543295,95047609100,0.862194684021778
"287",2006,"Rhode Island",6596941924,11661499463,0.565702716441483
"288",2006,"South Carolina",25229287000,35484800000,0.710988564117594
"289",2006,"South Dakota",5668500000,5859994198,0.96732177686023
"290",2006,"Tennessee",29432071492,30416432276,0.967637204289186
"291",2006,"Texas",143261244000,161759454422,0.885643714068535
"292",2006,"Utah",16105143000,16614120000,0.969364793320381
"293",2006,"Vermont",2650716000,2918869000,0.908131197391867
"294",2006,"Virginia",4.2669e+10,5.2822e+10,0.807788421491045
"295",2006,"Washington",2.4142e+10,1.9642e+10,1.22910090622136
"296",2006,"West Virginia",5874650000,11142572000,0.527225671056916
"297",2006,"Wisconsin",73415300000,73735800000,0.995653400383531
"298",2006,"Wyoming",5160601533,5468229000,0.943742760773186
"299",2007,"Alabama",30421813000,38341876000,0.793435694174171
"300",2007,"Alaska",10180871000,13705772000,0.742816311259227
"301",2007,"Arizona",31079535330,38769092498,0.801657540258476
"302",2007,"Arkansas",1.6017e+10,1.8503e+10,0.86564340917689
"303",2007,"California",4.08345e+11,456789576000,0.893945530841098
"304",2007,"Colorado",39184297000,52194923000,0.750730047058408
"305",2007,"Connecticut",24016320000,38984993265,0.616040121816858
"306",2007,"Delaware",6437916000,6208024700,1.03703131206936
"307",2007,"Florida",125584704000,118870513000,1.05648323398756
"308",2007,"Georgia",65942860000,69881749000,0.943634939646402
"309",2007,"Hawaii",10589800000,15696546000,0.674657978895484
"310",2007,"Idaho",10945800000,10431900000,1.0492623587266
"311",2007,"Illinois",93248318152,135512934381,0.688113784694741
"312",2007,"Indiana",20697493086,31255611118,0.662200876759706
"313",2007,"Iowa",22511763415,25036490782,0.899158097315493
"314",2007,"Kansas",12189197000,18984915000,0.642046435288227
"315",2007,"Kentucky",28256138672,40168087911,0.703447441526388
"316",2007,"Louisiana",28416389284,39099832304,0.726764991293657
"317",2007,"Maine",10437100000,13048682922,0.799858503911005
"318",2007,"Maryland",35841081000,44508397869,0.805265583935189
"319",2007,"Massachusetts",39265617000,50991524000,0.770042036790271
"320",2007,"Michigan",62651529000,71992556000,0.870250099190811
"321",2007,"Minnesota",45883152000,54472593000,0.842316281877751
"322",2007,"Mississippi",19791564000,26862636000,0.736769243346036
"323",2007,"Missouri",42151051485,50478045710,0.83503730962884
"324",2007,"Montana",6984834000,8129751000,0.859169487478768
"325",2007,"Nebraska",6396336863,7070308583,0.904675770217369
"326",2007,"Nevada",21359026470,33538198366,0.636856704015834
"327",2007,"New Hampshire",4862256315,7277775022,0.668096540536342
"328",2007,"New Jersey",87145281433,114943164813,0.758159752907238
"329",2007,"New Mexico",20623632276,25152580229,0.819941019499133
"330",2007,"New York",225354007770,207396200000,1.08658696625107
"331",2007,"North Carolina",67985596666,68458466714,0.993092599488453
"332",2007,"North Dakota",3253200000,3818468600,0.851964580774607
"333",2007,"Ohio",155548511000,177891865000,0.874399236862237
"334",2007,"Oklahoma",16159606058,26473301601,0.610411436456025
"335",2007,"Oregon",56616500000,52871200000,1.07083818789814
"336",2007,"Pennsylvania",89355863442,99531862998,0.89776138766533
"337",2007,"Rhode Island",7296025872,12262247543,0.594999069005502
"338",2007,"South Carolina",26701678000,37497222000,0.712097498849381
"339",2007,"South Dakota",6526500000,6718761091,0.97138444299537
"340",2007,"Tennessee",31112968983,32715770551,0.951008289243824
"341",2007,"Texas",155792012000,175357131000,0.888427012415024
"342",2007,"Utah",18065242000,18795682000,0.961137882626446
"343",2007,"Vermont",2860547000,3124293000,0.9155821813127
"344",2007,"Virginia",4.7815e+10,5.8116e+10,0.822751049624888
"345",2007,"Washington",2.6658e+10,2.1543e+10,1.23743211251915
"346",2007,"West Virginia",7959289000,11568762000,0.687998335517664
"347",2007,"Wisconsin",79791900000,80079700000,0.996406080442359
"348",2007,"Wyoming",5654022877,6015985000,0.939833273686686
"349",2008,"Alabama",30718243000,39882804000,0.770212721251996
"350",2008,"Alaska",10880858000,14385936000,0.756353844476995
"351",2008,"Arizona",32915111372,41167059653,0.799549728580174
"352",2008,"Arkansas",1.7185e+10,1.9877e+10,0.86456708758867
"353",2008,"California",432327272000,488634822000,0.884765580624133
"354",2008,"Colorado",38580996000,55336953000,0.697201307777102
"355",2008,"Connecticut",27040345000,42766214039,0.632282880484603
"356",2008,"Delaware",6751949000,6549856100,1.0308545557207
"357",2008,"Florida",130720547000,124087214000,1.05345702257446
"358",2008,"Georgia",68371630000,74814634000,0.913880431467459
"359",2008,"Hawaii",1.1381e+10,16549069000,0.687712402431823
"360",2008,"Idaho",1.0402e+10,11211800000,0.927772525375051
"361",2008,"Illinois",85613467997,143002524451,0.598685011510657
"362",2008,"Indiana",21814163446,31853283919,0.68483248074112
"363",2008,"Iowa",23748595183,26631327589,0.891754085620925
"364",2008,"Kansas",13433115000,20106787000,0.668088591180679
"365",2008,"Kentucky",28624619918,42915344598,0.667001982301081
"366",2008,"Louisiana",29934644810,41720285085,0.717508155781098
"367",2008,"Maine",10892700000,13635148315,0.798869198072232
"368",2008,"Maryland",37384121000,47478473719,0.78739095998024
"369",2008,"Massachusetts",43284209000,53776006000,0.804898173360067
"370",2008,"Michigan",63325861000,76695538000,0.825678555120117
"371",2008,"Minnesota",45522426000,55873351000,0.814743078502666
"372",2008,"Mississippi",20814720000,28534694000,0.72945306510033
"373",2008,"Missouri",45034469659,53975864137,0.834344579360412
"374",2008,"Montana",7381507000,8615543000,0.856766311769322
"375",2008,"Nebraska",6932918638,7654536359,0.905726789036472
"376",2008,"Nevada",23237651920,36990740403,0.62820185989344
"377",2008,"New Hampshire",5302034006,7821316352,0.67789535256993
"378",2008,"New Jersey",88836604990,122620926616,0.724481599035709
"379",2008,"New Mexico",22089046147,26707335321,0.827077875104648
"380",2008,"New York",239937360410,218374500000,1.09874257484276
"381",2008,"North Carolina",72075104509,72386892131,0.995692761316016
"382",2008,"North Dakota",3519300000,4068227000,0.865069722018953
"383",2008,"Ohio",145040008000,189267348000,0.766323454798976
"384",2008,"Oklahoma",17500897362,29373362952,0.595808433327801
"385",2008,"Oregon",59327800000,54259500000,1.09340852753896
"386",2008,"Pennsylvania",93097930742,106659569031,0.872851180515661
"387",2008,"Rhode Island",7919890150,12343614543,0.641618394872135
"388",2008,"South Carolina",28062814000,39982374000,0.701879633260396
"389",2008,"South Dakota",6784300000,6976811927,0.972406891712963
"390",2008,"Tennessee",31376311832,33957256394,0.923994314144413
"391",2008,"Texas",164530927000,185131315000,0.888725535169455
"392",2008,"Utah",17685049000,20285938000,0.871788575909085
"393",2008,"Vermont",2982563000,3449169000,0.864719299054352
"394",2008,"Virginia",5.2548e+10,6.2554e+10,0.840042203536145
"395",2008,"Washington",2.973e+10,2.4286e+10,1.22416206868154
"396",2008,"West Virginia",8072942000,12945605000,0.623604845042005
"397",2008,"Wisconsin",77159400000,7.7412e+10,0.996736940009301
"398",2008,"Wyoming",4835874981,6152122000,0.786049915947701
"399",2009,"Alabama",30510452000,41293576000,0.738866791289764
"400",2009,"Alaska",9224247000,15166073000,0.608215917198869
"401",2009,"Arizona",33848409857,43583956659,0.776625447795602
"402",2009,"Arkansas",1.603e+10,2.0957e+10,0.764899556234194
"403",2009,"California",432904773000,524885525000,0.824760357032136
"404",2009,"Colorado",37370274000,54240853000,0.688969142870965
"405",2009,"Connecticut",25256326000,44618093000,0.566055703008194
"406",2009,"Delaware",6744050000,6827006000,0.987848846185282
"407",2009,"Florida",118764692000,136375597000,0.870864689963557
"408",2009,"Georgia",67052210000,78748160000,0.85147652973733
"409",2009,"Hawaii",11400100000,17636400000,0.646396089904969
"410",2009,"Idaho",8.646e+09,11732200000,0.7369461823017
"411",2009,"Illinois",86062799311,151986888308,0.566251472538832
"412",2009,"Indiana",20599156802,32668905911,0.630543210051734
"413",2009,"Iowa",23021910941,28235238823,0.815360942590884
"414",2009,"Kansas",11827619000,21138206000,0.559537502851472
"415",2009,"Kentucky",27585373183,45224745425,0.609961933975884
"416",2009,"Louisiana",26993549398,43327955451,0.623005381099214
"417",2009,"Maine",10466900000,14377521709,0.728004465014854
"418",2009,"Maryland",32444733000,49690403597,0.65293760266336
"419",2009,"Massachusetts",35919945000,56267022000,0.638383616605834
"420",2009,"Michigan",62252969000,79453410000,0.783515383417779
"421",2009,"Minnesota",45311154000,58723252000,0.77160498536423
"422",2009,"Mississippi",20597581000,30594546000,0.67324355785505
"423",2009,"Missouri",44296495925,56288140618,0.786959658618297
"424",2009,"Montana",6921612000,9123819000,0.758631007476146
"425",2009,"Nebraska",7007581825,8092339318,0.865952544700252
"426",2009,"Nevada",23971875851,40062695388,0.598359037474556
"427",2009,"New Hampshire",4937319506,8475051817,0.58257101108176
"428",2009,"New Jersey",86675665308,131488565424,0.659187854308885
"429",2009,"New Mexico",21920257228,28791579200,0.761342650770611
"430",2009,"New York",237666518390,2.27842e+11,1.04311987425497
"431",2009,"North Carolina",72228397085,75352246929,0.958543374997916
"432",2009,"North Dakota",3517427834,4347100800,0.809143379882058
"433",2009,"Ohio",133029952000,197408697000,0.673880908093933
"434",2009,"Oklahoma",17364811334,30495491612,0.569422246243341
"435",2009,"Oregon",43520600000,56810600000,0.766064783684735
"436",2009,"Pennsylvania",91606418779,112769390264,0.812334078995584
"437",2009,"Rhode Island",7851379352,12738860089,0.61633296049618
"438",2009,"South Carolina",28665282000,41714426000,0.68717910681547
"439",2009,"South Dakota",6778500000,7387406340,0.91757508495194
"440",2009,"Tennessee",31639654681,35198742237,0.898885945070538
"441",2009,"Texas",163544330000,195063929000,0.838414005287467
"442",2009,"Utah",18571641000,21530152000,0.862587546989914
"443",2009,"Vermont",2591717000,3645982000,0.710841962467176
"444",2009,"Virginia",5.3185e+10,6.6323e+10,0.801908840070564
"445",2009,"Washington",3.2487e+10,2.7426e+10,1.18453292496172
"446",2009,"West Virginia",7485472000,13538027000,0.552921928727133
"447",2009,"Wisconsin",78911300000,79104600000,0.997556400007079
"448",2009,"Wyoming",5742541676,6562330607,0.875076557385643
"449",2010,"Alabama",29872110000,42583642000,0.701492606010543
"450",2010,"Alaska",9729700000,16378653000,0.594047630168366
"451",2010,"Arizona",34545447416,45976918174,0.7513650063552
"452",2010,"Arkansas",1.6254e+10,2.2001e+10,0.738784600699968
"453",2010,"California",438556318000,552162309000,0.7942525428696
"454",2010,"Colorado",36039727000,55701496000,0.647015423068709
"455",2010,"Connecticut",25442388000,46430761552,0.547964046885293
"456",2010,"Delaware",6808957000,7096326300,0.959504497418615
"457",2010,"Florida",120929666000,139652377000,0.865933459908097
"458",2010,"Georgia",67575609000,79887389000,0.845885813091225
"459",2010,"Hawaii",11345600000,18483700000,0.613816497779124
"460",2010,"Idaho",9579800000,12187900000,0.786009074573963
"461",2010,"Illinois",86618412053,165852317535,0.52226229539856
"462",2010,"Indiana",21162162636,34402677065,0.615131275860203
"463",2010,"Iowa",23400088560,28764801650,0.813497302874675
"464",2010,"Kansas",13461221000,21853783000,0.615967542095572
"465",2010,"Kentucky",26860596273,47168434727,0.569461260024059
"466",2010,"Louisiana",26400789395,45227110061,0.583738146421294
"467",2010,"Maine",10415100000,14761864060,0.705540977593855
"468",2010,"Maryland",32846093000,50973209263,0.644379537308082
"469",2010,"Massachusetts",40281524000,58601387000,0.687381750879036
"470",2010,"Michigan",61021287000,85104575000,0.717015354344934
"471",2010,"Minnesota",44598869000,55490333000,0.803723217880131
"472",2010,"Mississippi",20143426000,31399988000,0.641510627328902
"473",2010,"Missouri",44715189705,58436669256,0.765190594780671
"474",2010,"Montana",6846473000,9760019000,0.70148152375523
"475",2010,"Nebraska",7040908599,8542119000,0.824257845038216
"476",2010,"Nevada",24725464709,42539209772,0.581239398698814
"477",2010,"New Hampshire",5233838359,8953932346,0.584529585075335
"478",2010,"New Jersey",84558440069,120165543298,0.703682917317675
"479",2010,"New Mexico",21675034439,29954961460,0.72358745872344
"480",2010,"New York",236256753920,236452800000,0.999170887043841
"481",2010,"North Carolina",73541352613,77680857681,0.946711388216141
"482",2010,"North Dakota",3463660220,4845586100,0.714807279969703
"483",2010,"Ohio",141042271000,205812106000,0.685296281842624
"484",2010,"Oklahoma",17669488407,31944846985,0.553124840926515
"485",2010,"Oregon",48729200000,59329500000,0.821331715251266
"486",2010,"Pennsylvania",90464544974,119745334536,0.75547448528613
"487",2010,"Rhode Island",7601594200,14865476552,0.511358931105191
"488",2010,"South Carolina",29013031000,43624486000,0.665062987790848
"489",2010,"South Dakota",7119900000,7393250948,0.963026962032995
"490",2010,"Tennessee",34160218519,37634036925,0.907694770749072
"491",2010,"Texas",170519064000,203202823000,0.839156963877416
"492",2010,"Utah",18857106000,22720313000,0.829966823080298
"493",2010,"Vermont",2675772000,3681515000,0.726812738777378
"494",2010,"Virginia",5.2729e+10,7.2801e+10,0.724289501517836
"495",2010,"Washington",3.4774e+10,3.0426e+10,1.14290409518175
"496",2010,"West Virginia",8118149000,14230142000,0.570489669041953
"497",2010,"Wisconsin",80626900000,80758800000,0.998366741457278
"498",2010,"Wyoming",5799530934,6855642883,0.845949976242367
"499",2011,"Alabama",28886293000,43143112000,0.669545882550151
"500",2011,"Alaska",10108098000,17115151000,0.590593562393928
"501",2011,"Arizona",35246211438,48059911473,0.73338069833527
"502",2011,"Arkansas",1.6613e+10,2.3255e+10,0.71438400344012
"503",2011,"California",458076271000,588803306000,0.77797842901378
"504",2011,"Colorado",34158846000,56972757000,0.599564560303796
"505",2011,"Connecticut",25958596000,47291043000,0.548911471459828
"506",2011,"Delaware",7091821000,7547950600,0.939569079850629
"507",2011,"Florida",126078053000,145034475000,0.86929713090629
"508",2011,"Georgia",68095273000,82635545000,0.824043370198623
"509",2011,"Hawaii",11942800000,20096900000,0.594260806393026
"510",2011,"Idaho",11360100000,12641200000,0.898656773091162
"511",2011,"Illinois",88586557201,175171904210,0.505712132322318
"512",2011,"Indiana",20892645655,35228389855,0.593062746863938
"513",2011,"Iowa",24442590199,30645574026,0.797589569647567
"514",2011,"Kansas",13589658000,22607170032,0.601121590219568
"515",2011,"Kentucky",26555029168,49649253553,0.534852535892666
"516",2011,"Louisiana",27202915651,46367747588,0.586677530526416
"517",2011,"Maine",10914700000,13566258849,0.804547526439432
"518",2011,"Maryland",34256685000,52707408820,0.649940601652214
"519",2011,"Massachusetts",44362852000,61133767000,0.725668549101514
"520",2011,"Michigan",58400036000,88867984000,0.657154954702247
"521",2011,"Minnesota",44992749000,57010369000,0.789202907983283
"522",2011,"Mississippi",20315165000,32654465000,0.622125182574573
"523",2011,"Missouri",45811101006,56191335223,0.815269842302106
"524",2011,"Montana",6666979000,10068744000,0.662146043240349
"525",2011,"Nebraska",7267497259,9039744995,0.803949366162402
"526",2011,"Nevada",25871139710,44763596993,0.5779504206073
"527",2011,"New Hampshire",5740516293,9998251218,0.574152035974578
"528",2011,"New Jersey",84395589986,125281622753,0.67364700529455
"529",2011,"New Mexico",21497447046,32119492409,0.669295976793716
"530",2011,"New York",235491313140,247567900000,0.951219092378293
"531",2011,"North Carolina",75672712351,80493126933,0.940113960462583
"532",2011,"North Dakota",3472998871,5089584955,0.682373690921129
"533",2011,"Ohio",144233454000,215967903000,0.667846712388553
"534",2011,"Oklahoma",18381929939,27700543667,0.663594554676507
"535",2011,"Oregon",51583600000,61198400000,0.842891317420063
"536",2011,"Pennsylvania",88552401433,129596149145,0.683295005424291
"537",2011,"Rhode Island",7424913455,12010183715,0.618218141469953
"538",2011,"South Carolina",29333064000,44840713000,0.654161409074829
"539",2011,"South Dakota",7433800000,7712556672,0.963856774886075
"540",2011,"Tennessee",36680782356,40069331612,0.915432848024218
"541",2011,"Texas",177444367000,211646666000,0.838399065544458
"542",2011,"Utah",18837280000,23691355000,0.795111972278496
"543",2011,"Vermont",2835461000,4027107000,0.704093782459716
"544",2011,"Virginia",5.2559e+10,7.5185e+10,0.699062312961362
"545",2011,"Washington",3.7631e+10,3.3297e+10,1.13016187644533
"546",2011,"West Virginia",9397333000,14960400000,0.628147175209219
"547",2011,"Wisconsin",7.894e+10,79039300000,0.998743662962602
"548",2011,"Wyoming",5761221926,7037186665,0.818682550322828
"549",2012,"Alabama",27902559000,42136362000,0.662196679438059
"550",2012,"Alaska",9725415000,17828721000,0.545491457295226
"551",2012,"Arizona",36512595346,50645414665,0.720945728009472
"552",2012,"Arkansas",1.7109e+10,2.4302e+10,0.704016130359641
"553",2012,"California",470188028000,610237620000,0.770499904610928
"554",2012,"Colorado",35903970000,57968149000,0.619374098006821
"555",2012,"Connecticut",25308548000,50031764000,0.505849603863658
"556",2012,"Delaware",7270430000,7949854600,0.914536223090168
"557",2012,"Florida",127891781000,148049596000,0.863844174218483
"558",2012,"Georgia",68522927000,85126600000,0.804953175623131
"559",2012,"Hawaii",12242500000,20683400000,0.591899784368141
"560",2012,"Idaho",11306200000,13396700000,0.843954108101249
"561",2012,"Illinois",90864376114,188889591293,0.481044908255711
"562",2012,"Indiana",21002786232,36644563448,0.573148763575905
"563",2012,"Iowa",25368701461,31940046502,0.794260003954956
"564",2012,"Kansas",13379020000,23531423450,0.568559740061114
"565",2012,"Kentucky",25584528930,51237161336,0.499335409356957
"566",2012,"Louisiana",28031494816,47951220507,0.584583552193586
"567",2012,"Maine",11076400000,13974718159,0.792602746901667
"568",2012,"Maryland",35191570000,54535742948,0.645293675260925
"569",2012,"Massachusetts",42649119000,64267758000,0.663616101249401
"570",2012,"Michigan",55213057000,88618138000,0.623044652551829
"571",2012,"Minnesota",45426928000,60109924000,0.755730917244214
"572",2012,"Mississippi",19992797000,34492873000,0.57962110027773
"573",2012,"Missouri",45806523161,58554581446,0.782287602947748
"574",2012,"Montana",6668927000,10475981000,0.636592124403433
"575",2012,"Nebraska",7358964135,9609157134,0.765828264891396
"576",2012,"Nevada",27398984856,46887299326,0.584358349699333
"577",2012,"New Hampshire",5817881588,10361600451,0.561484841604611
"578",2012,"New Jersey",83675307994,129762092695,0.644836302005972
"579",2012,"New Mexico",21218351036,33625043847,0.631028204232158
"580",2012,"New York",230680400000,257433900000,0.896076235491907
"581",2012,"North Carolina",77451370173,83004078189,0.933103190383532
"582",2012,"North Dakota",3375480771,5373201759,0.628206593088774
"583",2012,"Ohio",147888539000,222942729000,0.663347666296845
"584",2012,"Oklahoma",18706870296,28957123071,0.646019642563683
"585",2012,"Oregon",50168200000,60405200000,0.830527835351923
"586",2012,"Pennsylvania",85417013664,132543441269,0.644445419903081
"587",2012,"Rhode Island",7405666961,12170817034,0.608477388191094
"588",2012,"South Carolina",29349683000,44815200000,0.654904652885628
"589",2012,"South Dakota",7.828e+09,8452840068,0.926079274779436
"590",2012,"Tennessee",37965050141,40991382747,0.926171492562751
"591",2012,"Texas",183466065000,220456737000,0.832208929047154
"592",2012,"Utah",19061566000,24804225000,0.768480611669988
"593",2012,"Vermont",2918189000,4265517000,0.684134889158805
"594",2012,"Virginia",5.1212e+10,7.7859e+10,0.657753117815538
"595",2012,"Washington",4.0733e+10,3.6037e+10,1.13031051419375
"596",2012,"West Virginia",9596792000,15448357000,0.621217647934988
"597",2012,"Wisconsin",7.8613e+10,78682700000,0.999114163596318
"598",2012,"Wyoming",5749967972,7319204726,0.785600101002011
"599",2013,"Alabama",29176275000,44202443000,0.660060236942107
"600",2013,"Alaska",9681062000,18535434000,0.522300260139579
"601",2013,"Arizona",37855289177,52693046750,0.718411470048465
"602",2013,"Arkansas",1.8406e+10,2.5002e+10,0.736181105511559
"603",2013,"California",474114353000,654680961000,0.724191447809645
"604",2013,"Colorado",37790138000,62783319000,0.601913670731552
"605",2013,"Connecticut",26409013000,51641107000,0.511395175939974
"606",2013,"Delaware",7519770000,8257269800,0.910684788330399
"607",2013,"Florida",131680615000,154125953000,0.854370159190516
"608",2013,"Georgia",70724641000,89203314000,0.792847685008653
"609",2013,"Hawaii",12748800000,21243700000,0.600121447770398
"610",2013,"Idaho",12053500000,14172900000,0.850461091237503
"611",2013,"Illinois",94378273444,197337456557,0.478258284517513
"612",2013,"Indiana",22636215231,37357428201,0.60593612357914
"613",2013,"Iowa",26572044187,33016570898,0.804809326477015
"614",2013,"Kansas",13278490000,24328670138,0.545795965199913
"615",2013,"Kentucky",25543323553,53490896459,0.477526555805222
"616",2013,"Louisiana",30418382242,50220757687,0.605693415292179
"617",2013,"Maine",1.1452e+10,14355831744,0.797724590550899
"618",2013,"Maryland",37172204000,56577173776,0.657017689628188
"619",2013,"Massachusetts",42104859000,68520660000,0.614484142446964
"620",2013,"Michigan",55342130534,90444718000,0.611889027438838
"621",2013,"Minnesota",46196646000,61531071000,0.750785664042805
"622",2013,"Mississippi",20490555000,35542848000,0.576502901512
"623",2013,"Missouri",47126405184,60868081286,0.774238388796384
"624",2013,"Montana",7207799000,9753651000,0.738984714544328
"625",2013,"Nebraska",7703084507,9984898998,0.771473452915542
"626",2013,"Nevada",29108541364,50790396359,0.57311112829782
"627",2013,"New Hampshire",6070681258,10708768437,0.566888834483068
"628",2013,"New Jersey",83903699493,133645439224,0.627808176471858
"629",2013,"New Mexico",22266699380,33419659225,0.666275476661447
"630",2013,"New York",238027500000,264603800000,0.899561911053432
"631",2013,"North Carolina",80207071873,86144340282,0.931077672780778
"632",2013,"North Dakota",3445321644,5173633887,0.665938433072584
"633",2013,"Ohio",156045984000,214828449000,0.726374857363514
"634",2013,"Oklahoma",19742554421,29660494078,0.665617854142342
"635",2013,"Oregon",54784100000,62593600000,0.875234848291199
"636",2013,"Pennsylvania",85300720674,135729968061,0.628459004983071
"637",2013,"Rhode Island",7384402574,12206373657,0.604962848221942
"638",2013,"South Carolina",29675109000,46859818000,0.633274098503754
"639",2013,"South Dakota",8803700000,8803761326,0.999993034113747
"640",2013,"Tennessee",39249317926,41913433880,0.93643765954306
"641",2013,"Texas",190446347289,233584990212,0.815319285353705
"642",2013,"Utah",20931004000,25656302000,0.815823106541231
"643",2013,"Vermont",3022094000,4481134000,0.674403845098138
"644",2013,"Virginia",52124581000,79077591000,0.659157421727731
"645",2013,"Washington",4.3938e+10,4.1946e+10,1.04748962952367
"646",2013,"West Virginia",10460631000,15841598000,0.660326754914498
"647",2013,"Wisconsin",85276100000,85328700000,0.99938356027925
"648",2013,"Wyoming",6244501550,8045046972,0.776192056023213
"649",2014,"Alabama",30944452000,45976123000,0.673054837616473
"650",2014,"Alaska",11502577000,19869121000,0.578917255574617
"651",2014,"Arizona",39078183177,56219562000,0.695099388661192
"652",2014,"Arkansas",2.027e+10,2.6174e+10,0.77443264308092
"653",2014,"California",508079981000,686356177000,0.740257024014515
"654",2014,"Colorado",39296244000,64405820000,0.610134984695482
"655",2014,"Connecticut",28327453332,54355649515,0.521150121188097
"656",2014,"Delaware",8067032000,8740071700,0.922993801069161
"657",2014,"Florida",138621201000,160130502000,0.865676428092382
"658",2014,"Georgia",74437842000,92764080000,0.802442518699048
"659",2014,"Hawaii",13641800000,22220100000,0.613939631234783
"660",2014,"Idaho",13833100000,14928100000,0.926648401337076
"661",2014,"Illinois",104011300533,218161837234,0.476762122338737
"662",2014,"Indiana",24184843843,38324431849,0.631055508879802
"663",2014,"Iowa",28515272363,34645411264,0.823060582127659
"664",2014,"Kansas",14562765000,25130466687,0.579486452893186
"665",2014,"Kentucky",27210826696,55612712656,0.489291483843205
"666",2014,"Louisiana",33371001138,54330547580,0.614221697082332
"667",2014,"Maine",12498926122,14991882845,0.833712899922278
"668",2014,"Maryland",40614967000,58942351657,0.689062547696577
"669",2014,"Massachusetts",44521329000,71421295000,0.623362107897932
"670",2014,"Michigan",58126701515,94373879085,0.615919384458562
"671",2014,"Minnesota",50677763000,66407464000,0.7631335387239
"672",2014,"Mississippi",22569940000,37015288000,0.609746437742157
"673",2014,"Missouri",51252539923,63713397535,0.804423275259261
"674",2014,"Montana",7993241000,11368505000,0.703103970135035
"675",2014,"Nebraska",8622023999,10426112609,0.826964403929161
"676",2014,"Nevada",31465556937,53219778849,0.591238024988359
"677",2014,"New Hampshire",6700553435,11045173866,0.606649883133673
"678",2014,"New Jersey",84068362449,137452641350,0.61161692946252
"679",2014,"New Mexico",24197811778,34755698418,0.696225737920086
"680",2014,"New York",261566100000,273600500000,0.956014700265533
"681",2014,"North Carolina",83861954200,89252879825,0.939599420931066
"682",2014,"North Dakota",3836310504,6077551973,0.631226276804067
"683",2014,"Ohio",166424475000,221721657000,0.750600898675405
"684",2014,"Oklahoma",22214515564,30534018037,0.727533321591717
"685",2014,"Oregon",60014100000,73458900000,0.816975206544068
"686",2014,"Pennsylvania",85898186591,139108875107,0.617488902307122
"687",2014,"Rhode Island",7532340586,12136734915,0.620623309213967
"688",2014,"South Carolina",31016048000,48795442000,0.635634123367506
"689",2014,"South Dakota",9887095388,9887095388,1
"690",2014,"Tennessee",40994052149,43242897057,0.947995045173876
"691",2014,"Texas",201325716243,247067307211,0.81486182253593
"692",2014,"Utah",22814728000,26698924000,0.854518631537361
"693",2014,"Vermont",3176362000,4697139199,0.676233312539733
"694",2014,"Virginia",57144567000,82083384000,0.696177036268388
"695",2014,"Washington",47841100000,51174400000,0.934863916333167
"696",2014,"West Virginia",11890921000,16370520000,0.726361838231162
"697",2014,"Wisconsin",89360400000,89392100000,0.999645382533803
"698",2014,"Wyoming",6609612342,8370666482,0.789616018773784
"699",2015,"Alabama",32329538000,47568563000,0.679640837584268
"700",2015,"Alaska",14353811000,20389653000,0.703975246660647
"701",2015,"Arizona",40902212209,58394036000,0.700451878493208
"702",2015,"Arkansas",2.1786e+10,2.7431e+10,0.79421092924064
"703",2015,"California",521733286000,721294255000,0.723329324174362
"704",2015,"Colorado",40531642000,66543522000,0.609099740768155
"705",2015,"Connecticut",29835602000,57004451000,0.523390743645615
"706",2015,"Delaware",8289879300,9051033500,0.915904167187095
"707",2015,"Florida",143195531000,165548928000,0.864974075821258
"708",2015,"Georgia",78189768000,99890537000,0.782754506565522
"709",2015,"Hawaii",14463700000,23238400000,0.622405156981548
"710",2015,"Idaho",13956700000,15488200000,0.901118270683488
"711",2015,"Illinois",112194663179,227872522388,0.492357138997064
"712",2015,"Indiana",24764694852,40904005625,0.605434467202013
"713",2015,"Iowa",30154918476,36140313415,0.83438453147128
"714",2015,"Kansas",15662010000,25947780558,0.603597288985521
"715",2015,"Kentucky",28698829166,58758701204,0.488418371712517
"716",2015,"Louisiana",35888243063,55609127649,0.645366050147801
"717",2015,"Maine",12808738647,15337223063,0.835140663625099
"718",2015,"Maryland",43610803000,62337309136,0.699593928651223
"719",2015,"Massachusetts",46666919000,77794919000,0.599871040421033
"720",2015,"Michigan",60315769015,97333517542,0.61968138559231
"721",2015,"Minnesota",55970888000,70676285000,0.791933079108502
"722",2015,"Mississippi",24387161000,40364584000,0.604172236731091
"723",2015,"Missouri",54720572509,66890430252,0.818062797665498
"724",2015,"Montana",8536363000,11821703000,0.722092493780295
"725",2015,"Nebraska",9485594650,10778303637,0.880063780856724
"726",2015,"Nevada",33717929776,55822053104,0.604025253481476
"727",2015,"New Hampshire",7280760612,12303635908,0.591756832406423
"728",2015,"New Jersey",84605103386,142149183037,0.595185294620921
"729",2015,"New Mexico",25547297971,36800911552,0.694202857853166
"730",2015,"New York",283279800000,293437800000,0.965382782995238
"731",2015,"North Carolina",87416500562,94240045521,0.927593997633634
"732",2015,"North Dakota",4219268807,6502222482,0.64889640714081
"733",2015,"Ohio",172805003516,228476554000,0.756335827421487
"734",2015,"Oklahoma",24421462937,31957830215,0.764177754644223
"735",2015,"Oregon",61395200000,76196600000,0.80574723806574
"736",2015,"Pennsylvania",86271699000,142972903850,0.603412931239838
"737",2015,"Rhode Island",7667516512,12489462147,0.613918871906086
"738",2015,"South Carolina",31632715000,50281271000,0.629115262420475
"739",2015,"South Dakota",10352405041,10352405041,1
"740",2015,"Tennessee",42738786371,44572360233,0.958862984764211
"741",2015,"Texas",209990792216,258595170950,0.812044522890964
"742",2015,"Utah",24312226000,28583269000,0.850575418787823
"743",2015,"Vermont",3298613370,5016201218,0.65759191600276
"744",2015,"Virginia",62083601000,84711142000,0.732885893569939
"745",2015,"Washington",51465900000,56058500000,0.918074868218022
"746",2015,"West Virginia",12368170000,16723239000,0.739579814651934
"747",2015,"Wisconsin",91502400000,91526500000,0.999736688281536
"748",2015,"Wyoming",6814919591,8713353524,0.782123618906203
"749",2016,"Alabama",33727791206,49871843000,0.676289248143486
"750",2016,"Alaska",14485349000,20792821000,0.696651454845882
"751",2016,"Arizona",42501997234,61714395068,0.688688549683898
"752",2016,"Arkansas",2.3008e+10,2.8475e+10,0.808007023705004
"753",2016,"California",525330542000,772712423000,0.679852589868353
"754",2016,"Colorado",41168873000,72235936000,0.569922330625023
"755",2016,"Connecticut",31080750582,66296941409,0.468811229016678
"756",2016,"Delaware",8460614400,9504791500,0.890142029943529
"757",2016,"Florida",145451612000,170374609000,0.85371648307055
"758",2016,"Georgia",81016228000,108921463000,0.743804074684527
"759",2016,"Hawaii",14998700000,27439200000,0.546615790547829
"760",2016,"Idaho",13884200000,16128300000,0.860859483020529
"761",2016,"Illinois",117329748174,246427261479,0.476123248173979
"762",2016,"Indiana",25427778066,41640897455,0.610644333337892
"763",2016,"Iowa",31367641387,37487556473,0.836748092919638
"764",2016,"Kansas",17408577000,27317754373,0.637262373850395
"765",2016,"Kentucky",28843159202,60970544570,0.473067108149006
"766",2016,"Louisiana",37368286943,56861378670,0.657182217826095
"767",2016,"Maine",13001681459,15959695582,0.814657234042975
"768",2016,"Maryland",45151247000,63751376374,0.708239563882016
"769",2016,"Massachusetts",48059750000,83529085000,0.575365455038805
"770",2016,"Michigan",63276759356,103005659582,0.614303715084967
"771",2016,"Minnesota",58022289000,74299132000,0.780928221341805
"772",2016,"Mississippi",25185078000,41997513000,0.599680223921831
"773",2016,"Missouri",56861587977,69738533094,0.815353943570289
"774",2016,"Montana",9046629000,12271623000,0.73719906486697
"775",2016,"Nebraska",10045925478,11207298169,0.896373535040549
"776",2016,"Nevada",35896247280,58803940820,0.610439483807371
"777",2016,"New Hampshire",7636066231,12732865722,0.599713088767308
"778",2016,"New Jersey",83885675164,148421739141,0.5651845588759
"779",2016,"New Mexico",26560773073,38010669645,0.698771511290485
"780",2016,"New York",297520200000,306990100000,0.969152425436521
"781",2016,"North Carolina",89818663476,98907974894,0.908103351345116
"782",2016,"North Dakota",4494570629,6985959318,0.643372001525875
"783",2016,"Ohio",177559124807,240971815633,0.736846026331239
"784",2016,"Oklahoma",25692161766,33975869095,0.75618850820746
"785",2016,"Oregon",60000100000,80970300000,0.741013680324761
"786",2016,"Pennsylvania",87131832090,149659706466,0.582199672493643
"787",2016,"Rhode Island",7693895693,12621161814,0.609602808868638
"788",2016,"South Carolina",31648821000,52427303000,0.603670591256621
"789",2016,"South Dakota",10851252302,10851252302,1
"790",2016,"Tennessee",44165202957,45894703752,0.962315895874486
"791",2016,"Texas",219072132184,271291457362,0.807515777733021
"792",2016,"Utah",25925815000,30476453000,0.850683476846863
"793",2016,"Vermont",3423564176,5231475620,0.654416540318313
"794",2016,"Virginia",65203736000,87118992000,0.748444564188713
"795",2016,"Washington",5.5186e+10,6.1139e+10,0.902631708075042
"796",2016,"West Virginia",12824839000,17219685000,0.744777793554296
"797",2016,"Wisconsin",95396200000,9.5414e+10,0.999813444567883
"798",2016,"Wyoming",7063051856,9039303831,0.781371219294288
"799",2017,"Alabama",35578029000,51938913000,0.684997566275598
"800",2017,"Alaska",14706538000,21049655000,0.698659336696967
"801",2017,"Arizona",44126460329,69821840912,0.631986492372993
"802",2017,"Arkansas",2.4288e+10,3.0808e+10,0.788366658010906
"803",2017,"California",567755530000,824961272000,0.688220828383323
"804",2017,"Colorado",42045868000,69874232000,0.601736388315509
"805",2017,"Connecticut",32494339000,66536270000,0.488370312913543
"806",2017,"Delaware",8688641300,10044583200,0.865007649097874
"807",2017,"Florida",150593242000,178579116000,0.843285852081382
"808",2017,"Georgia",84300845000,113495929000,0.742765363857236
"809",2017,"Hawaii",15720600000,28648600000,0.548738856349001
"810",2017,"Idaho",15296700000,1.7101e+10,0.894491550201743
"811",2017,"Illinois",123808524542,253638230277,0.48813037532547
"812",2017,"Indiana",26464153460,42757248040,0.618939587394456
"813",2017,"Iowa",32933585331,40463753200,0.813903375898408
"814",2017,"Kansas",18256373273,28153826989,0.648450858213093
"815",2017,"Kentucky",30248613000,66985505000,0.45156952985575
"816",2017,"Louisiana",39139121115,58019122646,0.674590020152577
"817",2017,"Maine",13513888452,16501547233,0.818946748519118
"818",2017,"Maryland",47440760000,65778815000,0.721216397711026
"819",2017,"Massachusetts",50411178000,87510222000,0.576060451543592
"820",2017,"Michigan",68684070564,108668549000,0.632051050612629
"821",2017,"Minnesota",61184617000,76751782000,0.797175197834495
"822",2017,"Mississippi",26364446000,43166491000,0.610761852289546
"823",2017,"Missouri",59653805381,73801807878,0.808297345230516
"824",2017,"Montana",9487546000,13215185000,0.717927596170617
"825",2017,"Nebraska",10810539558,12466139649,0.867192239328652
"826",2017,"Nevada",38719300694,63320544127,0.611480858666374
"827",2017,"New Hampshire",8165684152,13208449000,0.618216730215637
"828",2017,"New Jersey",87005039897,160668090915,0.54152034421713
"829",2017,"New Mexico",27631998639,40065395922,0.689672421877334
"830",2017,"New York",310891700000,319694500000,0.972464962644024
"831",2017,"North Carolina",91801820286,104862953656,0.87544568491894
"832",2017,"North Dakota",5013009837,7460831915,0.671910303584423
"833",2017,"Ohio",183623774053,239240667279,0.767527428097581
"834",2017,"Oklahoma",27204983496,34238838120,0.794565031694481
"835",2017,"Oregon",6.1059e+10,84056100000,0.726407720558056
"836",2017,"Pennsylvania",88518293767,152608985384,0.580033302392171
"837",2017,"Rhode Island",7769216725,13506854678,0.575205472348386
"838",2017,"South Carolina",31722464000,55484337000,0.571737281460171
"839",2017,"South Dakota",11644038604,11634963501,1.00077998551514
"840",2017,"Tennessee",45647499828,48587993632,0.939481061385844
"841",2017,"Texas",230366652209,285134662374,0.807922299909076
"842",2017,"Utah",27702403000,31713679000,0.873515904603815
"843",2017,"Vermont",3573386960,5793418069,0.616801155628805
"844",2017,"Virginia",69214246000,89851284000,0.770320054636058
"845",2017,"Washington",6.0726e+10,6.5663e+10,0.924813060627751
"846",2017,"West Virginia",13441493000,17559736000,0.765472385234038
"847",2017,"Wisconsin",100802500000,100819300000,0.9998333652386
"848",2017,"Wyoming",7314683343,9588652976,0.762847853740077
"849",2018,"Alabama",37247016000,53458133000,0.696751156648138
"850",2018,"Alaska",14971792000,21882323000,0.684195731869966
"851",2018,"Arizona",46331275177,72327834504,0.640573238431986
"852",2018,"Arkansas",2.5172e+10,3.1629e+10,0.79585190805906
"853",2018,"California",611644372000,879480052000,0.695461336057682
"854",2018,"Colorado",42468847000,72349136613,0.586998670449497
"855",2018,"Connecticut",33722628000,72548863749,0.464826411570985
"856",2018,"Delaware",8950957800,10413117300,0.859584843051754
"857",2018,"Florida",156104350000,185950079000,0.839496013335923
"858",2018,"Georgia",88436410000,114717694000,0.770904704552377
"859",2018,"Hawaii",16512700000,29917400000,0.551943016438594
"860",2018,"Idaho",16274800000,1.7889e+10,0.909765777852311
"861",2018,"Illinois",129386915578,265557863793,0.487226827818046
"862",2018,"Indiana",22023734978,36237825667,0.607755420548202
"863",2018,"Iowa",34406619857,41787865127,0.823363906062987
"864",2018,"Kansas",19246613272,29100136425,0.661392544382204
"865",2018,"Kentucky",31426092000,68606879000,0.458060364471615
"866",2018,"Louisiana",40912017773,59834924729,0.68374812800878
"867",2018,"Maine",14184794043,17121045065,0.828500479330991
"868",2018,"Maryland",49625798000,68202059000,0.727629029498948
"869",2018,"Massachusetts",53305950000,92109896000,0.578721204939804
"870",2018,"Michigan",72932694694,116794244000,0.624454529574249
"871",2018,"Minnesota",64508032000,79976383000,0.806588515011988
"872",2018,"Mississippi",27455702000,44396161000,0.618425138155527
"873",2018,"Missouri",62388591125,77470785547,0.805317652125137
"874",2018,"Montana",9799629000,13734484000,0.713505436389165
"875",2018,"Nebraska",11545658962,13001288461,0.888039596739473
"876",2018,"Nevada",41342368039,67226030502,0.61497559398171
"877",2018,"New Hampshire",8710939332,13703148691,0.635688886432445
"878",2018,"New Jersey",85611902908,158328373973,0.540723691905025
"879",2018,"New Mexico",28249485992,41771447285,0.6762869813741
"880",2018,"New York",325127500000,330066100000,0.985037542480127
"881",2018,"North Carolina",95089183765,109851810761,0.865613257590096
"882",2018,"North Dakota",5394846998,7822610702,0.689647894228036
"883",2018,"Ohio",185959518727,246851765173,0.753324646460092
"884",2018,"Oklahoma",28731058845,35015831302,0.820516257266723
"885",2018,"Oregon",67326100000,86574700000,0.77766483741786
"886",2018,"Pennsylvania",89654086125,157174024920,0.57041286669749
"887",2018,"Rhode Island",7900933450,13681959111,0.577470915232294
"888",2018,"South Carolina",31685130000,56482847000,0.560969067299317
"889",2018,"South Dakota",12235719255,12233387024,1.00019064474911
"890",2018,"Tennessee",47581593545,50422351782,0.943660735039056
"891",2018,"Texas",242302502580,308930121359,0.784327865195205
"892",2018,"Utah",28875694000,33166510000,0.87062805221291
"893",2018,"Vermont",3747924990,6041162405,0.620397986138894
"894",2018,"Virginia",73204795000,93174818000,0.785671456852215
"895",2018,"Washington",6.6936e+10,7.1543e+10,0.935605160532826
"896",2018,"West Virginia",14006656000,17781624000,0.787703980243874
"897",2018,"Wisconsin",101410500000,101422300000,0.999883654778091
"898",2018,"Wyoming",7318379669,9869615224,0.741506077278864
"899",2019,"Alabama",38467115000,55759012000,0.689881574659178
"900",2019,"Alaska",15140624000,22427200000,0.675100948847828
"901",2019,"Arizona",49041037345,75842290644,0.64661862041056
"902",2019,"Arkansas",2.6152e+10,3.2838e+10,0.796394421097509
"903",2019,"California",647185196000,903497652000,0.716310877584882
"904",2019,"Colorado",44622388915,73459142685,0.607444999819086
"905",2019,"Connecticut",34615026999,70979669625,0.487675234075873
"906",2019,"Delaware",9221325500,10772258000,0.856025310570913
"907",2019,"Florida",161004533000,191330896000,0.8414978258399
"908",2019,"Georgia",91608141000,119668619000,0.765515151470078
"909",2019,"Hawaii",17322200000,31396400000,0.551725675555159
"910",2019,"Idaho",17239500000,18661700000,0.923790437098442
"911",2019,"Illinois",134418470000,273990245198,0.490595823595333
"912",2019,"Indiana",22908330014,36945650607,0.620054854566822
"913",2019,"Iowa",35973514098,43070390615,0.83522609347944
"914",2019,"Kansas",19898329527,29100136425,0.683788186982701
"915",2019,"Kentucky",32456721000,71970814000,0.450970597609192
"916",2019,"Louisiana",42212573909,61241984336,0.689275084187403
"917",2019,"Maine",14813257964,17806042518,0.831923092906545
"918",2019,"Maryland",51267756000,70013804000,0.7322521141688
"919",2019,"Massachusetts",54991083000,96459365000,0.570095842948997
"920",2019,"Michigan",73843059660,119399131000,0.618455587084633
"921",2019,"Minnesota",66597256000,82304211000,0.809159764620063
"922",2019,"Mississippi",28024611000,46006859000,0.609139845865157
"923",2019,"Missouri",64414319056,79891410665,0.806273396849902
"924",2019,"Montana",10122706000,14105594000,0.717637697497886
"925",2019,"Nebraska",12130496836,13435710270,0.90285489879055
"926",2019,"Nevada",43608971844,70845996286,0.615546031252829
"927",2019,"New Hampshire",9121933000,15014165392,0.607555116241123
"928",2019,"New Jersey",87241235272,169596638492,0.514404271498077
"929",2019,"New Mexico",28883650691,43450571105,0.66474731991903
"930",2019,"New York",333632500000,339813300000,0.98181118867331
"931",2019,"North Carolina",97266441885,114096441924,0.852493208769731
"932",2019,"North Dakota",5717439355,8262764125,0.69195238645397
"933",2019,"Ohio",192587958693,251760227396,0.764965779881004
"934",2019,"Oklahoma",29737287007,36340050074,0.818306164863432
"935",2019,"Oregon",64802300000,89445700000,0.7244875941493
"936",2019,"Pennsylvania",90999328000,158172080000,0.575318526506069
"937",2019,"Rhode Island",8060085277,13828357028,0.582866443257123
"938",2019,"South Carolina",32296377000,58176222000,0.555147376190912
"939",2019,"South Dakota",12472799657,12461820956,1.00088098689901
"940",2019,"Tennessee",50342147330,51635145510,0.974958951558496
"941",2019,"Texas",253364406971,323259193880,0.783780977518164
"942",2019,"Utah",30373694000,34837514000,0.871867435776273
"943",2019,"Vermont",3915360805,6285284790,0.622940874728447
"944",2019,"Virginia",76244148000,99133971000,0.76910212746345
"945",2019,"Washington",7.5243e+10,7.7949e+10,0.965284994034561
"946",2019,"West Virginia",14580773000,18188898000,0.801630368150946
"947",2019,"Wisconsin",106524400000,106532400000,0.999924905474766
"948",2019,"Wyoming",7459695656,10196045970,0.731626326317946
