year,state,ava,aal,funded_ratio,fr
2001,Alabama,25503769000,25248739000,1.010100702454883,101.0100702454883
2001,Alaska,9047750000,10131173000,0.8930604580535738,89.30604580535739
2001,Arizona,27682069874,23492132027,1.178354942079519,117.8354942079519
2001,Arkansas,12508000000,12672000000,0.9870580808080808,98.70580808080808
2001,California,315068500000,286487200000,1.0997646666238492,109.97646666238492
2001,Colorado,1822413000,1746761000,1.0433098746766158,104.33098746766159
2001,Connecticut,8991954000,13343466407,0.6738844109715605,67.38844109715605
2001,Delaware,4759031000,4232244000,1.1244699029640068,112.44699029640068
2001,Florida,95517948000,80993718000,1.179325389161663,117.93253891616631
2001,Georgia,50335458000,48710676000,1.0333557678402985,103.33557678402985
2001,Hawaii,9515957000,10506913000,0.9056853330754714,90.56853330754714
2001,Idaho,6492800000,6751300000,0.961711077866485,96.1711077866485
2001,Illinois,58650626254,81972771720,0.7154891194156147,71.54891194156147
2001,Indiana,14534063564,21829497759,0.6657992650338374,66.57992650338373
2001,Iowa,16374750433,16827787750,0.9730780228672661,97.30780228672661
2001,Kansas,9835182000,11743052000,0.8375320146755716,83.75320146755716
2001,Kentucky,27416082162,25271500709,1.084861658106289,108.4861658106289
2001,Louisiana,22496261306,28103228349,0.8004867279527509,80.0486727952751
2001,Maine,7389558862,9364416266,0.7891104637060781,78.9110463706078
2001,Maryland,30204708000,30916850360,0.9769658826268615,97.69658826268615
2001,Massachusetts,28312000000,33339683000,0.849198236227981,84.91982362279809
2001,Michigan,53066400000,54436061000,0.9748390869060125,97.48390869060125
2001,Minnesota,39200008000,38294874000,1.023635904899439,102.3635904899439
2001,Mississippi,16191631000,18494207000,0.8754974463084576,87.54974463084577
2001,Missouri,32630481857,33587664873,0.9715019481223464,97.15019481223463
2001,Montana,5090847000,4925407000,1.033589102382808,103.35891023828081
2001,Nebraska,1486008665,1704201512,0.8719676954493865,87.19676954493865
2001,Nevada,14031060100,19878391000,0.7058448593751878,70.58448593751878
2001,New Hampshire,3264901000,3909603855,0.8350976521123775,83.50976521123775
2001,New Jersey,81174940440,74373446081,1.0914505743298826,109.14505743298825
2001,New Mexico,15726510019,15946874893,0.9861813129231527,98.61813129231527
2001,New York,206723969690,167813110000,1.2318702018572922,123.18702018572922
2001,North Carolina,52868118060,48550122863,1.0889389138969767,108.89389138969767
2001,North Dakota,2530000000,2476422500,1.0216350400628327,102.16350400628326
2001,Ohio,120668672000,125959956000,0.9579923321027518,95.79923321027518
2001,Oklahoma,12388267650,19224732160,0.6443922103516058,64.43922103516057
2001,Oregon,41804600000,45386100000,0.9210881745732724,92.10881745732723
2001,Pennsylvania,82289394000,71576051000,1.1496777602329584,114.96777602329584
2001,Rhode Island,6921616880,8526625506,0.8117650851593529,81.17650851593528
2001,South Carolina,20684755000,23486404000,0.8807118790939643,88.07118790939643
2001,South Dakota,4521400000,4688408562,0.9643784111833554,96.43784111833554
2001,Tennessee,23948979000,24370353000,0.9827095651835654,98.27095651835654
2001,Texas,122685015000,122136122642,1.0044941033506434,100.44941033506434
2001,Utah,12398294000,11799887000,1.050712943268016,105.0712943268016
2001,Vermont,2071667000,2281334000,0.908094562216668,90.80945622166679
2001,Virginia,37968000000,35384000000,1.073027356997513,107.30273569975131
2001,Washington,18626100000,10370000000,1.796152362584378,179.61523625843782
2001,West Virginia,3772058000,8366863000,0.4508330063489745,45.08330063489745
2001,Wisconsin,58024300000,60134700000,0.9649054539226104,96.49054539226104
2001,Wyoming,4582462306,4442033000,1.0316137466786042,103.16137466786041
2002,Alabama,26005727000,26867643000,0.967919925093541,96.7919925093541
2002,Alaska,7310615000,11544824000,0.6332374577559606,63.323745775596066
2002,Arizona,28459874235,26341396081,1.0804239132764892,108.04239132764893
2002,Arkansas,12732000000,13460000000,0.9459138187221396,94.59138187221396
2002,California,305876300000,314889594000,0.9713763357959679,97.1376335795968
2002,Colorado,1839632000,1966143000,0.9356552397256964,93.56552397256964
2002,Connecticut,19684384000,27805715474,0.7079258226031289,70.79258226031288
2002,Delaware,4956156000,4521732000,1.0960746899639342,109.60746899639342
2002,Florida,99405677000,86469774000,1.1496002869164432,114.96002869164433
2002,Georgia,52626747000,51701373000,1.017898441497869,101.78984414978689
2002,Hawaii,9415160000,11210226000,0.8398724521700097,83.98724521700098
2002,Idaho,6062100000,7209500000,0.8408488799500659,84.08488799500658
2002,Illinois,56655050504,90552666759,0.6256585535441348,62.56585535441348
2002,Indiana,15171428529,23730792923,0.6393140161067176,63.931401610671756
2002,Iowa,16882830305,18223012416,0.9264566098948983,92.64566098948983
2002,Kansas,9962918000,12613599000,0.7898552982380366,78.98552982380366
2002,Kentucky,27502614498,27536384350,0.9987736279545357,99.87736279545358
2002,Louisiana,22318402000,29750549436,0.7501845318188765,75.01845318188765
2002,Maine,7612509160,9824917223,0.7748166205593282,77.48166205593282
2002,Maryland,30586265000,32502795424,0.9410349048751407,94.10349048751408
2002,Massachusetts,30714496000,36581190000,0.8396253921755963,83.96253921755962
2002,Michigan,53131000000,57890884000,0.917778350042124,91.7778350042124
2002,Minnesota,40742115000,40687912000,1.0013321646979574,100.13321646979574
2002,Mississippi,16823185000,20180347000,0.8336420082370238,83.36420082370239
2002,Missouri,34153975947,36455731175,0.9368616359125871,93.6861635912587
2002,Montana,5673381000,6057864000,0.9365315893522865,93.65315893522865
2002,Nebraska,4799789893,5055867993,0.9493503192024499,94.935031920245
2002,Nevada,15052331600,21796880000,0.6905727608721982,69.05727608721982
2002,New Hampshire,3443395000,4196314000,0.820576105601249,82.0576105601249
2002,New Jersey,81149657102,80064445927,1.0135542207584807,101.35542207584807
2002,New Mexico,16364334201,17246751682,0.9488357287638717,94.88357287638716
2002,New York,196478151050,175633849000,1.1186804375618962,111.86804375618962
2002,North Carolina,52868118060,50700443049,1.0427545575667856,104.27545575667855
2002,North Dakota,2593500000,2679260900,0.9679908365773561,96.79908365773561
2002,Ohio,110089824000,134581949000,0.8180132983510292,81.80132983510292
2002,Oklahoma,12980705370,20469908793,0.6341359651997547,63.41359651997547
2002,Oregon,39772700000,38947000000,1.0212006059516778,102.12006059516779
2002,Pennsylvania,82775392900,77643373500,1.066097326386778,106.60973263867778
2002,Rhode Island,6814873265,8955987519,0.7609292945688394,76.09292945688394
2002,South Carolina,21649274000,24974450000,0.8668568877392695,86.68568877392696
2002,South Dakota,4425400000,4576948810,0.9668886814576368,96.68886814576368
2002,Tennessee,24826880000,25222786500,0.9843036176831612,98.43036176831612
2002,Texas,124378051000,130064225451,0.9562817951570995,95.62817951570996
2002,Utah,12105500000,12831293000,0.9434357083109239,94.34357083109239
2002,Vermont,2159744000,2324331000,0.9291895173277817,92.91895173277817
2002,Virginia,38957000000,38265000000,1.0180844113419574,101.80844113419573
2002,Washington,18666000000,11698000000,1.595657377329458,159.5657377329458
2002,West Virginia,3687218000,9141468000,0.40335075285501193,40.33507528550119
2002,Wisconsin,57861900000,59618800000,0.9705311076371883,97.05311076371883
2002,Wyoming,4352423802,4718618000,0.922393760630761,92.2393760630761
2003,Alabama,26422970000,28482014000,0.9277072190189921,92.77072190189921
2003,Alaska,7302458000,12166150000,0.6002275165109752,60.022751651097515
2003,Arizona,28518638582,28681802763,0.9943112299338979,99.43112299338979
2003,Arkansas,12529000000,14119000000,0.8873857921949146,88.73857921949147
2003,California,308692300000,345653757000,0.8930679726417671,89.30679726417671
2003,Colorado,1907786000,2379229000,0.8018505154400859,80.18505154400859
2003,Connecticut,19593287000,29977186404,0.6536066039001437,65.36066039001437
2003,Delaware,5125442000,4794944000,1.0689263524245538,106.89263524245538
2003,Florida,101906723000,89251331000,1.1417949946315087,114.17949946315088
2003,Georgia,54801397000,54276239000,1.0096756519920254,100.96756519920254
2003,Hawaii,9073960000,11952057000,0.7591965132027064,75.91965132027065
2003,Idaho,6297800000,7578800000,0.8309758800865572,83.09758800865572
2003,Illinois,57871371818,100518547490,0.5757282935645014,57.57282935645014
2003,Indiana,15848316927,23781912281,0.6664021269501377,66.64021269501377
2003,Iowa,17375666585,19416484598,0.8948925073074137,89.48925073074136
2003,Kansas,9784862000,14439546000,0.6776433275672241,67.76433275672241
2003,Kentucky,27354615554,29389349905,0.9307662688158396,93.07662688158396
2003,Louisiana,22021563000,31514777340,0.698769430049224,69.8769430049224
2003,Maine,7787205499,10415579801,0.7476497370076652,74.76497370076652
2003,Maryland,30870684000,33235259813,0.9288533976775143,92.88533976775143
2003,Massachusetts,28709520000,40442661000,0.709882072299842,70.9882072299842
2003,Michigan,53626500000,62197847000,0.8621922234703719,86.21922234703719
2003,Minnesota,41020488000,42854201000,0.9572104261143499,95.721042611435
2003,Mississippi,16979457000,21485838000,0.7902627302691196,79.02627302691197
2003,Missouri,31750906234,38549801766,0.8236334502244714,82.36334502244715
2003,Montana,5661034000,6465574500,0.8755655046585574,87.55655046585574
2003,Nebraska,4952902870,5464572876,0.9063659653534466,90.63659653534467
2003,Nevada,15882968000,23540081000,0.6747201931887999,67.47201931888
2003,New Hampshire,3500037000,4669192000,0.7496022866483109,74.96022866483109
2003,New Jersey,80243196778,85966027788,0.9334291561765187,93.34291561765187
2003,New Mexico,16489280804,18482545484,0.8921542121064692,89.21542121064692
2003,New York,178392567590,179493729000,0.9938651817189669,99.38651817189668
2003,North Carolina,54620297430,53196407198,1.0267666616412683,102.67666616412683
2003,North Dakota,2604900000,2879130500,0.9047523201883346,90.47523201883347
2003,Ohio,113628215000,142142831000,0.7993946244112726,79.93946244112726
2003,Oklahoma,13183738771,20546763031,0.6416455356548858,64.16455356548857
2003,Oregon,35446900000,44078100000,0.804183937147926,80.4183937147926
2003,Pennsylvania,81387594450,81578795400,0.9976562420533118,99.76562420533118
2003,Rhode Island,6581201103,9626230375,0.6836737587427623,68.36737587427622
2003,South Carolina,22709305000,27143780000,0.8366301598377234,83.66301598377234
2003,South Dakota,4685800000,4818943695,0.9723707718066625,97.23707718066625
2003,Tennessee,25704781000,26075220000,0.9857934468050509,98.57934468050509
2003,Texas,129782143000,138733625734,0.9354771946120469,93.5477194612047
2003,Utah,12999980000,13507895000,0.9623986564894086,96.23986564894086
2003,Vermont,2243470000,2410826000,0.9305814687580107,93.05814687580107
2003,Virginia,39243000000,40698000000,0.9642488574377119,96.4248857437712
2003,Washington,19077700000,13265000000,1.4381982661138335,143.81982661138335
2003,West Virginia,3891179000,9934835000,0.39167021898199617,39.167021898199614
2003,Wisconsin,62685300000,63211700000,0.9916724277309422,99.16724277309422
2003,Wyoming,4657897625,5077443000,0.9173707366089585,91.73707366089585
2004,Alabama,27267954000,30432668000,0.8960093147271873,89.60093147271873
2004,Alaska,7357369000,12835107000,0.5732222567369325,57.322225673693254
2004,Arizona,28610706319,30798028492,0.9289785002449695,92.89785002449695
2004,Arkansas,12862000000,15055000000,0.8543341082696778,85.43341082696779
2004,California,325286100000,367897183000,0.8841766532362929,88.4176653236293
2004,Colorado,1990652000,2576988000,0.7724723592038457,77.24723592038457
2004,Connecticut,19519418000,31592402117,0.6178516571076601,61.78516571076601
2004,Delaware,5387560000,5229927000,1.030140573663839,103.0140573663839
2004,Florida,106707426000,95185433000,1.1210478603380414,112.10478603380413
2004,Georgia,57415345000,57336679000,1.0013720013326897,100.13720013326896
2004,Hawaii,8797133000,12271331000,0.7168849899004436,71.68849899004435
2004,Idaho,7420200000,8154800000,0.9099180850542012,90.99180850542012
2004,Illinois,72437208910,107893365850,0.6713777843459501,67.137778434595
2004,Indiana,16658370627,25042279052,0.6652098474108162,66.52098474108162
2004,Iowa,18224530580,20639652161,0.8829863235019274,88.29863235019275
2004,Kansas,10853462000,15714092000,0.6906833687877098,69.06833687877098
2004,Kentucky,27298321506,31648106815,0.8625578037123419,86.2557803712342
2004,Louisiana,21391555000,33148002238,0.6453346674231029,64.53346674231028
2004,Maine,8273559503,10977271798,0.7536990661475101,75.36990661475102
2004,Maryland,31670070000,34345756531,0.9220955715858242,92.20955715858243
2004,Massachusetts,33005403000,43515112000,0.7584813983702949,75.84813983702949
2004,Michigan,53664400000,64485795000,0.8321894767677129,83.2189476767713
2004,Minnesota,41629688000,45048802000,0.924101999427199,92.4101999427199
2004,Mississippi,17103285000,22847260000,0.7485923913852252,74.85923913852251
2004,Missouri,33597589965,41098570683,0.8174880392834999,81.74880392834999
2004,Montana,5648687000,6873285000,0.8218322097803307,82.18322097803306
2004,Nebraska,5118011165,5868266970,0.872150362477459,87.2150362477459
2004,Nevada,16830310500,25793773000,0.6524951002709065,65.24951002709065
2004,New Hampshire,3575641000,5029877000,0.7108804052266089,71.08804052266089
2004,New Jersey,80444711277,92424247181,0.8703853559062293,87.03853559062293
2004,New Mexico,16755268071,19877324296,0.8429337782838173,84.29337782838174
2004,New York,189431088270,188796610000,1.0033606443992824,100.33606443992824
2004,North Carolina,57481887710,56283357766,1.0212945707500773,102.12945707500774
2004,North Dakota,2642100000,3073257600,0.8597066513396079,85.9706651339608
2004,Ohio,120592798000,150267304000,0.802521871291442,80.2521871291442
2004,Oklahoma,13473041797,22922040807,0.5877767128346427,58.77767128346427
2004,Oregon,42753300000,47398600000,0.9019949956327824,90.19949956327824
2004,Pennsylvania,80068757000,85167706700,0.9401304802304838,94.01304802304838
2004,Rhode Island,6422877071,10272519301,0.6252484792483916,62.52484792483916
2004,South Carolina,23479494000,28962436000,0.8106878164530084,81.06878164530083
2004,South Dakota,4937500000,5051728157,0.9773883009041732,97.73883009041732
2004,Tennessee,26727977500,27096157000,0.9864121137178236,98.64121137178236
2004,Texas,131874890000,143812305334,0.9169930882738045,91.69930882738045
2004,Utah,13618312000,14545786000,0.9362376154853371,93.62376154853371
2004,Vermont,2366192000,2532296000,0.9344057724689373,93.44057724689372
2004,Virginia,39691000000,43958000000,0.9029300696119023,90.29300696119023
2004,Washington,20146500000,14927000000,1.34966838614591,134.966838614591
2004,West Virginia,4523135000,10310939000,0.43867343216752613,43.867343216752616
2004,Wisconsin,66209400000,66622300000,0.9938023754808826,99.38023754808826
2004,Wyoming,4704299324,4902322000,0.9596063506232353,95.96063506232353
2005,Alabama,28183565000,33662314000,0.8372438389113713,83.72438389113714
2005,Alaska,7299055000,13585747000,0.5372582751614615,53.725827516146154
2005,Arizona,28912838209,33704720085,0.857827572401867,85.7827572401867
2005,Arkansas,13401000000,16296000000,0.8223490427098674,82.23490427098675
2005,California,346646900000,389746384000,0.8894165904564236,88.94165904564237
2005,Colorado,34079860000,46528340000,0.7324538120208028,73.24538120208028
2005,Connecticut,20048677000,33544296661,0.5976776679091749,59.767766790917484
2005,Delaware,5660057000,5572719500,1.0156723301791881,101.56723301791881
2005,Florida,111539878000,103925498000,1.0732676787365503,107.32676787365503
2005,Georgia,59971367000,61323987000,0.9779430518762585,97.79430518762585
2005,Hawaii,8914839000,12985989000,0.6864967312077656,68.64967312077655
2005,Idaho,8270100000,8778700000,0.9420643147618668,94.20643147618668
2005,Illinois,77628044285,116544658490,0.6660798125866987,66.60798125866987
2005,Indiana,17537236476,27123215803,0.6465765934015932,64.65765934015933
2005,Iowa,19318694133,21840730422,0.884526009878334,88.45260098783339
2005,Kansas,10971427000,16491762000,0.6652671194260504,66.52671194260505
2005,Kentucky,27094379408,34333713121,0.7891479524079758,78.91479524079757
2005,Louisiana,22948378000,34616931803,0.662923511840851,66.29235118408509
2005,Maine,8888156289,11629785117,0.7642579978548025,76.42579978548025
2005,Maryland,32657202000,36976954222,0.8831771758142833,88.31771758142834
2005,Massachusetts,33894349000,45742013000,0.7409894488027888,74.09894488027888
2005,Michigan,53134100000,67215461000,0.7905041371359486,79.05041371359486
2005,Minnesota,42493550000,47325641000,0.8978969772432664,89.78969772432664
2005,Mississippi,17180705000,23727098000,0.7240963475600767,72.40963475600766
2005,Missouri,35898189295,43640704285,0.8225850128486303,82.25850128486303
2005,Montana,5802710000,7246998000,0.8007053403354051,80.07053403354051
2005,Nebraska,5335197409,6234657830,0.8557321916413816,85.57321916413815
2005,Nevada,17886538620,28473274000,0.6281869313658837,62.818693136588365
2005,New Hampshire,3610800000,5991026000,0.6027014404544397,60.27014404544397
2005,New Jersey,81280670023,99946906033,0.81323848080062755,81.32384808006276
2005,New Mexico,17454984609,21494568775,0.8120648891222058,81.20648891222058
2005,New York,197819545690,194987100000,1.0145263234849895,101.45263234849895
2005,North Carolina,60760806470,60090856979,1.0111489421965496,101.11489421965496
2005,North Dakota,2705800000,3326382100,0.8134363156896497,81.34363156896497
2005,Ohio,126569570000,159114132000,0.7954640383545567,79.54640383545566
2005,Oklahoma,13827198963,23439391922,0.5899128701381505,58.991287013815054
2005,Oregon,45581100000,49294000000,0.9246784598531261,92.46784598531261
2005,Pennsylvania,79193451648,91136018200,0.8689588728158852,86.89588728158853
2005,Rhode Island,6331333431,10779929451,0.5873260543845835,58.73260543845835
2005,South Carolina,24400116000,33391401000,0.7307305255026586,73.07305255026586
2005,South Dakota,5381000000,5571842384,0.9657487827458976,96.57487827458976
2005,Tennessee,27751174000,28117094000,0.9869858528054144,98.69858528054144
2005,Texas,135086883000,153109923067,0.8822869236299385,88.22869236299385
2005,Utah,14568884000,15429070000,0.9442490052867736,94.42490052867736
2005,Vermont,2502914000,2666946000,0.9384944427071265,93.84944427071264
2005,Virginia,40372000000,49628000000,0.81349238333199,81.349238333199
2005,Washington,21761700000,17308000000,1.2573203143055234,125.73203143055234
2005,West Virginia,5032006000,10692093000,0.4706287160053696,47.06287160053696
2005,Wisconsin,68615100000,68978600000,0.9947302496716373,99.47302496716372
2005,Wyoming,4843861114,5091763000,0.951313153027743,95.1313153027743
2006,Alabama,29108664000,35402664000,0.8222167687719771,82.22167687719771
2006,Alaska,9627999000,12953379000,0.7432808844703764,74.32808844703764
2006,Arizona,30038052990,36059623041,0.8330107321378973,83.30107321378973
2006,Arkansas,14281000000,17559000000,0.8133151090608804,81.33151090608804
2006,California,372242500000,419304708000,0.8877613174808426,88.77613174808427
2006,Colorado,36476409000,49243113000,0.7407413296555805,74.07413296555805
2006,Connecticut,20729393000,35492649168,0.584047499578857,58.404749957885706
2006,Delaware,5998746000,5901072200,1.0165518734036163,101.65518734036164
2006,Florida,117159615000,110977831000,1.0557028727656428,105.57028727656427
2006,Georgia,62724159000,65302526000,0.9605165809359351,96.0516580935935
2006,Hawaii,9529371000,14661399000,0.6499632811302659,64.99632811302659
2006,Idaho,9237300000,9638800000,0.9583454371913516,95.83454371913516
2006,Illinois,83087028356,124048574941,0.6697942994953217,66.97942994953216
2006,Indiana,18864659965,28816500483,0.6546478458107365,65.46478458107366
2006,Iowa,20672609608,23368684438,0.884628728795024,88.4628728795024
2006,Kansas,11339293000,17552791000,0.6460108252869872,64.60108252869871
2006,Kentucky,27357680515,38027975188,0.7194093395651765,71.94093395651765
2006,Louisiana,25090627000,36271628483,0.6917425009400838,69.17425009400839
2006,Maine,9530600000,12318475740,0.7736833843048182,77.36833843048181
2006,Maryland,33863393000,40908574778,0.8277822726352033,82.77822726352034
2006,Massachusetts,35321338000,48194642000,0.7328893116375883,73.28893116375883
2006,Michigan,59378700000,69122220000,0.8590392496074345,85.90392496074345
2006,Minnesota,45035526000,51496593000,0.8745340881094794,87.45340881094793
2006,Mississippi,18321063000,24928464000,0.734945522515948,73.4945522515948
2006,Missouri,38602165855,46930759188,0.8225344427172705,82.25344427172705
2006,Montana,6329584000,7652913000,0.8270816615842882,82.70816615842882
2006,Nebraska,5739048994,6584275406,0.8716295476902778,87.16295476902778
2006,Nevada,19282027900,31133611000,0.6193315609936798,61.93315609936798
2006,New Hampshire,3928270000,6402875000,0.6135165843468754,61.351658434687536
2006,New Jersey,83264012838,107601232276,0.7738202535118335,77.38202535118334
2006,New Mexico,18664117103,23218022238,0.8038633485522808,80.38633485522809
2006,New York,210371548380,197430000000,1.065550060173226,106.5550060173226
2006,North Carolina,64066031691,63872115484,1.0030360072706308,100.30360072706308
2006,North Dakota,2878500000,3388442900,0.8495052402978371,84.95052402978371
2006,Ohio,138885050000,169146677000,0.8210923942655994,82.10923942655994
2006,Oklahoma,14614884043,24968116958,0.5853418608853987,58.534186088539876
2006,Oregon,51382600000,51252900000,1.0025305885130402,100.25305885130402
2006,Pennsylvania,81949543295,95047609100,0.8621946840217783,86.21946840217784
2006,Rhode Island,6596941924,11661499463,0.5657027164414834,56.57027164414834
2006,South Carolina,25229287000,35484800000,0.710988564117594,71.0988564117594
2006,South Dakota,5668500000,5859994198,0.9673217768602302,96.73217768602302
2006,Tennessee,29432071492,30416432276,0.9676372042891859,96.76372042891859
2006,Texas,143261244000,161759454422,0.885643714068535,88.56437140685351
2006,Utah,16105143000,16614120000,0.9693647933203805,96.93647933203805
2006,Vermont,2650716000,2918869000,0.9081311973918665,90.81311973918666
2006,Virginia,42669000000,52822000000,0.8077884214910453,80.77884214910453
2006,Washington,24142000000,19642000000,1.2291009062213625,122.91009062213625
2006,West Virginia,5874650000,11142572000,0.5272256710569158,52.722567105691574
2006,Wisconsin,73415300000,73735800000,0.9956534003835315,99.56534003835314
2006,Wyoming,5160601533,5468229000,0.9437427607731863,94.37427607731863
2007,Alabama,30421813000,38341876000,0.7934356941741714,79.34356941741714
2007,Alaska,10180871000,13705772000,0.7428163112592271,74.28163112592271
2007,Arizona,31416252330,39220391498,0.801018325673828,80.1018325673828
2007,Arkansas,16017000000,18503000000,0.8656434091768902,86.56434091768902
2007,California,408345000000,456789576000,0.8939455308410978,89.39455308410979
2007,Colorado,39184297000,52194923000,0.7507300470584083,75.07300470584083
2007,Connecticut,24016320000,38984993265,0.6160401218168583,61.60401218168583
2007,Delaware,6437916000,6208024700,1.0370313120693608,103.70313120693608
2007,Florida,125584704000,118870513000,1.0564832339875576,105.64832339875576
2007,Georgia,65942860000,69881749000,0.9436349396464018,94.36349396464017
2007,Hawaii,10589800000,15696546000,0.6746579788954844,67.46579788954844
2007,Idaho,10945800000,10431900000,1.0492623587265981,104.92623587265982
2007,Illinois,93248318152,135512934381,0.688113784694741,68.811378469474107
2007,Indiana,20697493086,31255611118,0.6622008767597055,66.22008767597055
2007,Iowa,22511763415,25036490782,0.899158097315493,89.9158097315493
2007,Kansas,12189197000,18984915000,0.6420464352882275,64.20464352882274
2007,Kentucky,28256138672,40168087911,0.7034474415263884,70.34474415263884
2007,Louisiana,28416389284,39099832304,0.7267649912936568,72.67649912936568
2007,Maine,10437100000,13048682922,0.7998585039110049,79.98585039110048
2007,Maryland,35841081000,44508397869,0.8052655839351889,80.52655839351888
2007,Massachusetts,39265617000,50991524000,0.7700420367902713,77.00420367902713
2007,Michigan,62651529000,71992556000,0.8702500991908108,87.02500991908107
2007,Minnesota,45883152000,54472593000,0.8423162818777509,84.23162818777509
2007,Mississippi,19791564000,26862636000,0.7367692433460364,73.67692433460364
2007,Missouri,42151051485,50478045710,0.8350373096288398,83.50373096288398
2007,Montana,6984834000,8129751000,0.8591694874787678,85.91694874787677
2007,Nebraska,6396336863,7070308583,0.904675770217369,90.4675770217369
2007,Nevada,21359026470,33538198366,0.6368567040158343,63.68567040158343
2007,New Hampshire,4862256315,7277775022,0.6680965405363419,66.80965405363419
2007,New Jersey,87145281433,114943164813,0.7581597529072379,75.8159752907238
2007,New Mexico,20623632276,25152580229,0.8199410194991331,81.99410194991331
2007,New York,225354007770,207396200000,1.0865869662510692,108.65869662510693
2007,North Carolina,67985596666,68458466714,0.9930925994884531,99.30925994884531
2007,North Dakota,3253200000,3818468600,0.8519645807746069,85.19645807746069
2007,Ohio,155548511000,177891865000,0.8743992368622365,87.43992368622365
2007,Oklahoma,16159606058,26473301601,0.6104114364560251,61.04114364560252
2007,Oregon,56616500000,52871200000,1.0708381878981375,107.08381878981375
2007,Pennsylvania,89355863442,99531862998,0.8977613876653301,89.77613876653301
2007,Rhode Island,7296025872,12262247543,0.5949990690055016,59.49990690055016
2007,South Carolina,26701678000,37497222000,0.7120974988493814,71.20974988493815
2007,South Dakota,6526500000,6718761091,0.9713844429953701,97.13844429953701
2007,Tennessee,31112968983,32715770551,0.9510082892438244,95.10082892438244
2007,Texas,155792012000,175357131000,0.8884270124150241,88.84270124150241
2007,Utah,18065242000,18795682000,0.9611378826264458,96.11378826264459
2007,Vermont,2860547000,3124293000,0.9155821813127002,91.55821813127002
2007,Virginia,47815000000,58116000000,0.8227510496248882,82.27510496248883
2007,Washington,26658000000,21543000000,1.2374321125191476,123.74321125191476
2007,West Virginia,7959289000,11568762000,0.6879983355176639,68.79983355176638
2007,Wisconsin,79791900000,80079700000,0.9964060804423593,99.64060804423593
2007,Wyoming,5654022877,6015985000,0.9398332736866863,93.98332736866864
2008,Alabama,30718243000,39882804000,0.7702127212519962,77.02127212519963
2008,Alaska,10880858000,14385936000,0.7563538444769947,75.63538444769947
2008,Arizona,33263124372,41621399653,0.7991832242384105,79.91832242384105
2008,Arkansas,17185000000,19877000000,0.8645670875886703,86.45670875886702
2008,California,432327272000,488634822000,0.8847655806241332,88.47655806241332
2008,Colorado,38580996000,55336953000,0.6972013077771015,69.72013077771015
2008,Connecticut,27040345000,42766214039,0.6322828804846032,63.22828804846032
2008,Delaware,6751949000,6549856100,1.0308545557206974,103.08545557206973
2008,Florida,130720547000,124087214000,1.0534570225744613,105.34570225744613
2008,Georgia,68371630000,74814634000,0.9138804314674587,91.38804314674587
2008,Hawaii,11381000000,16549069000,0.6877124024318226,68.77124024318226
2008,Idaho,10402000000,11211800000,0.9277725253750513,92.77725253750513
2008,Illinois,85613467997,143002524451,0.5986850115106573,59.868501151065736
2008,Indiana,21814163446,31853283919,0.6848324807411201,68.48324807411201
2008,Iowa,23748595183,26631327589,0.8917540856209247,89.17540856209247
2008,Kansas,13433115000,20106787000,0.6680885911806794,66.80885911806794
2008,Kentucky,28624619918,42915344598,0.6670019823010813,66.70019823010813
2008,Louisiana,29934644810,41720285085,0.7175081557810981,71.75081557810981
2008,Maine,10892700000,13635148315,0.7988691980722323,79.88691980722324
2008,Maryland,37384121000,47478473719,0.7873909599802399,78.73909599802398
2008,Massachusetts,43284209000,53776006000,0.804898173360067,80.4898173360067
2008,Michigan,63325861000,76695538000,0.8256785551201167,82.56785551201166
2008,Minnesota,45522426000,55873351000,0.8147430785026658,81.47430785026658
2008,Mississippi,20814720000,28534694000,0.7294530651003301,72.94530651003302
2008,Missouri,45034469659,53975864137,0.8343445793604117,83.43445793604117
2008,Montana,7381507000,8615543000,0.856766311769322,85.6766311769322
2008,Nebraska,6932918638,7654536359,0.9057267890364723,90.57267890364723
2008,Nevada,23237651920,36990740403,0.6282018598934396,62.820185989343955
2008,New Hampshire,5302034006,7821316352,0.6778953525699302,67.78953525699302
2008,New Jersey,88836604990,122620926616,0.724481599035709,72.4481599035709
2008,New Mexico,22089046147,26707335321,0.8270778751046483,82.70778751046483
2008,New York,239937360410,218374500000,1.0987425748427586,109.87425748427586
2008,North Carolina,72075104509,72386892131,0.9956927613160163,99.56927613160163
2008,North Dakota,3519300000,4068227000,0.8650697220189533,86.50697220189532
2008,Ohio,145040008000,189267348000,0.7663234547989757,76.63234547989757
2008,Oklahoma,17500897362,29373362952,0.5958084333278013,59.580843332780134
2008,Oregon,59327800000,54259500000,1.0934085275389562,109.34085275389562
2008,Pennsylvania,93097930742,106659569031,0.8728511805156611,87.28511805156612
2008,Rhode Island,7919890150,12343614543,0.6416183948721348,64.16183948721348
2008,South Carolina,28062814000,39982374000,0.7018796332603962,70.18796332603962
2008,South Dakota,6784300000,6976811927,0.9724068917129634,97.24068917129634
2008,Tennessee,31376311832,33957256394,0.9239943141444126,92.39943141444125
2008,Texas,164530927000,185131315000,0.8887255351694553,88.87255351694553
2008,Utah,17685049000,20285938000,0.8717885759090854,87.17885759090855
2008,Vermont,2982563000,3449169000,0.864719299054352,86.47192990543519
2008,Virginia,52548000000,62554000000,0.8400422035361448,84.00422035361447
2008,Washington,29730000000,24286000000,1.2241620686815449,122.41620686815449
2008,West Virginia,8072942000,12945605000,0.6236048450420046,62.360484504200464
2008,Wisconsin,77159400000,77412000000,0.9967369400093009,99.67369400093008
2008,Wyoming,4835874981,6152122000,0.7860499159477007,78.60499159477007
2009,Alabama,30510452000,41293576000,0.7388667912897638,73.88667912897638
2009,Alaska,9224247000,15166073000,0.6082159171988688,60.82159171988688
2009,Arizona,34209359857,44090147659,0.7758957879111783,77.58957879111783
2009,Arkansas,16030000000,20957000000,0.7648995562341938,76.48995562341938
2009,California,432904773000,524885525000,0.8247603570321357,82.47603570321357
2009,Colorado,37370274000,54240853000,0.6889691428709648,68.89691428709648
2009,Connecticut,25256326000,44618093000,0.5660557030081944,56.605570300819444
2009,Delaware,6744050000,6827006000,0.9878488461852823,98.78488461852824
2009,Florida,118764692000,136375597000,0.870864689963557,87.0864689963557
2009,Georgia,67052210000,78748160000,0.8514765297373298,85.14765297373297
2009,Hawaii,11400100000,17636400000,0.6463960899049692,64.63960899049692
2009,Idaho,8646000000,11732200000,0.7369461823016996,73.69461823016997
2009,Illinois,86062799311,151986888308,0.5662514725388321,56.62514725388321
2009,Indiana,20599156802,32668905911,0.6305432100517337,63.05432100517338
2009,Iowa,23021910941,28235238823,0.8153609425908839,81.53609425908839
2009,Kansas,11827619000,21138206000,0.5595375028514719,55.95375028514719
2009,Kentucky,27585373183,45224745425,0.6099619339758837,60.99619339758837
2009,Louisiana,26993549398,43327955451,0.6230053810992136,62.300538109921355
2009,Maine,10466900000,14377521709,0.7280044650148544,72.80044650148544
2009,Maryland,32444733000,49690403597,0.6529376026633604,65.29376026633604
2009,Massachusetts,35919945000,56267022000,0.6383836166058335,63.83836166058335
2009,Michigan,62252969000,79453410000,0.783515383417779,78.35153834177791
2009,Minnesota,45311154000,58723252000,0.7716049853642302,77.16049853642302
2009,Mississippi,20597581000,30594546000,0.6732435578550504,67.32435578550505
2009,Missouri,44296495925,56288140618,0.7869596586182974,78.69596586182975
2009,Montana,6921612000,9123819000,0.7586310074761456,75.86310074761457
2009,Nebraska,7007581825,8092339318,0.8659525447002517,86.59525447002517
2009,Nevada,23971875851,40062695388,0.5983590374745557,59.83590374745557
2009,New Hampshire,4937319506,8475051817,0.5825710110817603,58.25710110817604
2009,New Jersey,86675665308,131488565424,0.6591878543088849,65.91878543088849
2009,New Mexico,21920257228,28791579200,0.7613426507706115,76.13426507706114
2009,New York,237666518390,227842000000,1.043119874254966,104.31198742549661
2009,North Carolina,72228397085,75352246929,0.9585433749979159,95.85433749979158
2009,North Dakota,3517427834,4347100800,0.8091433798820584,80.91433798820584
2009,Ohio,133029952000,197408697000,0.6738809080939326,67.38809080939326
2009,Oklahoma,17364811334,30495491612,0.5694222462433409,56.942224624334095
2009,Oregon,43520600000,56810600000,0.7660647836847349,76.60647836847349
2009,Pennsylvania,91606418779,112769390264,0.8123340789955839,81.23340789955839
2009,Rhode Island,7851379352,12738860089,0.6163329604961799,61.63329604961799
2009,South Carolina,28665282000,41714426000,0.6871791068154696,68.71791068154695
2009,South Dakota,6778500000,7387406340,0.91757508495194,91.757508495194
2009,Tennessee,31639654681,35198742237,0.8988859450705378,89.88859450705378
2009,Texas,163544330000,195063929000,0.8384140052874666,83.84140052874666
2009,Utah,18571641000,21530152000,0.8625875469899145,86.25875469899145
2009,Vermont,2591717000,3645982000,0.7108419624671762,71.08419624671762
2009,Virginia,53185000000,66323000000,0.8019088400705637,80.19088400705637
2009,Washington,32487000000,27426000000,1.1845329249617151,118.45329249617151
2009,West Virginia,7485472000,13538027000,0.5529219287271329,55.29219287271329
2009,Wisconsin,78911300000,79104600000,0.9975564000070792,99.75564000070793
2009,Wyoming,5742541676,6562330607,0.8750765573856435,87.50765573856435
2010,Alabama,29872110000,42583642000,0.7014926060105428,70.14926060105428
2010,Alaska,9729700000,16378653000,0.5940476301683661,59.40476301683661
2010,Arizona,34902789416,46512689174,0.7503928505494843,75.03928505494844
2010,Arkansas,16254000000,22001000000,0.7387846006999682,73.87846006999682
2010,California,438556318000,552162309000,0.7942525428696003,79.42525428696004
2010,Colorado,36039727000,55701496000,0.647015423068709,64.70154230687089
2010,Connecticut,25442388000,46430761552,0.5479640468852933,54.796404688529336
2010,Delaware,6808957000,7096326300,0.959504497418615,95.9504497418615
2010,Florida,120929666000,139652377000,0.8659334599080973,86.59334599080974
2010,Georgia,67575609000,79887389000,0.8458858130912252,84.58858130912252
2010,Hawaii,11345600000,18483700000,0.6138164977791243,61.38164977791243
2010,Idaho,9579800000,12187900000,0.7860090745739627,78.60090745739627
2010,Illinois,86618412053,165852317535,0.5222622953985604,52.22622953985604
2010,Indiana,21162162636,34402677065,0.6151312758602032,61.513127586020325
2010,Iowa,23400088560,28764801650,0.8134973028746749,81.3497302874675
2010,Kansas,13461221000,21853783000,0.6159675420955721,61.59675420955721
2010,Kentucky,26860596273,47168434727,0.569461260024059,56.9461260024059
2010,Louisiana,26400789395,45227110061,0.5837381464212941,58.3738146421294
2010,Maine,10415100000,14761864060,0.7055409775938555,70.55409775938554
2010,Maryland,32846093000,50973209263,0.6443795373080824,64.43795373080825
2010,Massachusetts,40281524000,58601387000,0.6873817508790364,68.73817508790364
2010,Michigan,61021287000,85104575000,0.7170153543449339,71.7015354344934
2010,Minnesota,44598869000,55490333000,0.8037232178801306,80.37232178801305
2010,Mississippi,20143426000,31399988000,0.6415106273289022,64.15106273289022
2010,Missouri,44715189705,58436669256,0.7651905947806712,76.51905947806712
2010,Montana,6846473000,9760019000,0.7014815237552304,70.14815237552304
2010,Nebraska,7040908599,8542119000,0.824257845038216,82.4257845038216
2010,Nevada,24725464709,42539209772,0.5812393986988141,58.12393986988141
2010,New Hampshire,5233838359,8953932346,0.5845295850753349,58.452958507533495
2010,New Jersey,84558440069,120165543298,0.7036829173176747,70.36829173176747
2010,New Mexico,21675034439,29954961460,0.7235874587234404,72.35874587234404
2010,New York,236256753920,236452800000,0.9991708870438413,99.91708870438413
2010,North Carolina,73541352613,77680857681,0.9467113882161411,94.67113882161411
2010,North Dakota,3463660220,4845586100,0.7148072799697027,71.48072799697027
2010,Ohio,141042271000,205812106000,0.6852962818426239,68.52962818426239
2010,Oklahoma,17669488407,31944846985,0.5531248409265154,55.31248409265154
2010,Oregon,48729200000,59329500000,0.8213317152512662,82.13317152512663
2010,Pennsylvania,90464544974,119745334536,0.7554744852861296,75.54744852861296
2010,Rhode Island,7601594200,14865476552,0.5113589311051909,51.13589311051909
2010,South Carolina,29013031000,43624486000,0.6650629877908476,66.50629877908476
2010,South Dakota,7119900000,7393250948,0.963026962032995,96.3026962032995
2010,Tennessee,34160218519,37634036925,0.9076947707490723,90.76947707490723
2010,Texas,170519064000,203202823000,0.8391569638774162,83.91569638774162
2010,Utah,18857106000,22720313000,0.8299668230802982,82.99668230802982
2010,Vermont,2675772000,3681515000,0.7268127387773783,72.68127387773782
2010,Virginia,52729000000,72801000000,0.7242895015178363,72.42895015178364
2010,Washington,34774000000,30426000000,1.1429040951817524,114.29040951817524
2010,West Virginia,8118149000,14230142000,0.5704896690419533,57.04896690419533
2010,Wisconsin,80626900000,80758800000,0.9983667414572778,99.83667414572778
2010,Wyoming,5799530934,6855642883,0.8459499762423667,84.59499762423667
2011,Alabama,28886293000,43143112000,0.6695458825501508,66.95458825501508
2011,Alaska,10108098000,17115151000,0.590593562393928,59.0593562393928
2011,Arizona,35612640438,48650233473,0.7320137622312619,73.20137622312619
2011,Arkansas,16613000000,23255000000,0.7143840034401204,71.43840034401204
2011,California,458076271000,588803306000,0.77797842901378,77.797842901378
2011,Colorado,34158846000,56972757000,0.5995645603037957,59.95645603037957
2011,Connecticut,25958596000,47291043000,0.548911471459828,54.8911471459828
2011,Delaware,7091821000,7547950600,0.9395690798506285,93.95690798506286
2011,Florida,126078053000,145034475000,0.8692971309062897,86.92971309062897
2011,Georgia,68095273000,82635545000,0.8240433701986234,82.40433701986234
2011,Hawaii,11942800000,20096900000,0.5942608063930258,59.42608063930258
2011,Idaho,11360100000,12641200000,0.8986567730911622,89.86567730911622
2011,Illinois,88586557201,175171904210,0.5057121323223184,50.57121323223184
2011,Indiana,20892645655,35228389855,0.5930627468639383,59.306274686393834
2011,Iowa,24442590199,30645574026,0.7975895696475671,79.7589569647567
2011,Kansas,13589658000,22607170032,0.6011215902195679,60.11215902195679
2011,Kentucky,26555029168,49649253553,0.5348525358926659,53.48525358926659
2011,Louisiana,27202915651,46367747588,0.5866775305264156,58.66775305264156
2011,Maine,10914700000,13566258849,0.8045475264394316,80.45475264394317
2011,Maryland,34256685000,52707408820,0.6499406016522138,64.99406016522138
2011,Massachusetts,44362852000,61133767000,0.7256685491015137,72.56685491015136
2011,Michigan,58400036000,88867984000,0.6571549547022468,65.71549547022468
2011,Minnesota,44992749000,57010369000,0.7892029079832829,78.92029079832828
2011,Mississippi,20315165000,32654465000,0.6221251825745728,62.21251825745728
2011,Missouri,45811101006,56191335223,0.8152698423021063,81.52698423021063
2011,Montana,6666979000,10068744000,0.6621460432403485,66.21460432403485
2011,Nebraska,7267497259,9039744995,0.8039493661624024,80.39493661624024
2011,Nevada,25871139710,44763596993,0.5779504206072995,57.79504206072995
2011,New Hampshire,5740516293,9998251218,0.5741520359745775,57.415203597457754
2011,New Jersey,84395589986,125281622753,0.6736470052945499,67.36470052945499
2011,New Mexico,21497447046,32119492409,0.669295976793716,66.9295976793716
2011,New York,235491313140,247567900000,0.9512190923782929,95.1219092378293
2011,North Carolina,75672712351,80493126933,0.9401139604625826,94.01139604625826
2011,North Dakota,3472998871,5089584955,0.6823736909211293,68.23736909211293
2011,Ohio,144233454000,215967903000,0.6678467123885534,66.78467123885534
2011,Oklahoma,18381929939,27700543667,0.663594554676507,66.35945546765069
2011,Oregon,51583600000,61198400000,0.8428913174200633,84.28913174200633
2011,Pennsylvania,88552401433,129596149145,0.683295005424291,68.3295005424291
2011,Rhode Island,7424913455,12010183715,0.6182181414699534,61.82181414699534
2011,South Carolina,29333064000,44840713000,0.6541614090748289,65.41614090748288
2011,South Dakota,7433800000,7712556672,0.963856774886075,96.3856774886075
2011,Tennessee,36680782356,40069331612,0.9154328480242182,91.54328480242182
2011,Texas,177444367000,211646666000,0.838399065544458,83.8399065544458
2011,Utah,18837280000,23691355000,0.7951119722784957,79.51119722784958
2011,Vermont,2835461000,4027107000,0.7040937824597161,70.40937824597161
2011,Virginia,52559000000,75185000000,0.699062312961362,69.9062312961362
2011,Washington,37631000000,33297000000,1.1301618764453254,113.01618764453254
2011,West Virginia,9397333000,14960400000,0.628147175209219,62.8147175209219
2011,Wisconsin,78940000000,79039300000,0.9987436629626022,99.87436629626022
2011,Wyoming,5761221926,7037186665,0.8186825503228284,81.86825503228285
2012,Alabama,27902559000,42136362000,0.6621966794380587,66.21966794380587
2012,Alaska,9725415000,17828721000,0.5454914572952261,54.54914572952261
2012,Arizona,36868941346,51255643665,0.7193147663303274,71.93147663303274
2012,Arkansas,17109000000,24302000000,0.7040161303596412,70.40161303596412
2012,California,470188028000,610237620000,0.7704999046109284,77.04999046109285
2012,Colorado,35903970000,57968149000,0.619374098006821,61.9374098006821
2012,Connecticut,25308548000,50031764000,0.5058496038636575,50.58496038636575
2012,Delaware,7270430000,7949854600,0.9145362230901682,91.45362230901682
2012,Florida,127891781000,148049596000,0.8638441742184828,86.38441742184828
2012,Georgia,68522927000,85126600000,0.8049531756231307,80.49531756231308
2012,Hawaii,12242500000,20683400000,0.5918997843681406,59.18997843681406
2012,Idaho,11306200000,13396700000,0.8439541081012488,84.39541081012489
2012,Illinois,90864376114,188889591293,0.48104490825571133,48.10449082557113
2012,Indiana,21002786232,36644563448,0.5731487635759049,57.31487635759049
2012,Iowa,25368701461,31940046502,0.794260003954956,79.4260003954956
2012,Kansas,13379020000,23531423450,0.5685597400611139,56.85597400611139
2012,Kentucky,25584528930,51237161336,0.4993354093569568,49.93354093569568
2012,Louisiana,28031494816,47951220507,0.5845835521935863,58.45835521935862
2012,Maine,11076400000,13974718159,0.7926027469016665,79.26027469016665
2012,Maryland,35191570000,54535742948,0.6452936752609252,64.52936752609251
2012,Massachusetts,42649119000,64267758000,0.663616101249401,66.3616101249401
2012,Michigan,55213057000,88618138000,0.6230446525518286,62.30446525518286
2012,Minnesota,45426928000,60109924000,0.7557309172442142,75.57309172442142
2012,Mississippi,19992797000,34492873000,0.5796211002777298,57.96211002777299
2012,Missouri,45806523161,58554581446,0.7822876029477477,78.22876029477477
2012,Montana,6668927000,10475981000,0.6365921244034329,63.659212440343296
2012,Nebraska,7358964135,9609157134,0.765828264891396,76.5828264891396
2012,Nevada,27398984856,46887299326,0.5843583496993329,58.43583496993329
2012,New Hampshire,5817881588,10361600451,0.5614848416046109,56.14848416046109
2012,New Jersey,83675307994,129762092695,0.6448363020059723,64.48363020059723
2012,New Mexico,21218351036,33625043847,0.6310282042321584,63.102820423215846
2012,New York,230680400000,257433900000,0.8960762354919068,89.60762354919069
2012,North Carolina,77451370173,83004078189,0.9331031903835315,93.31031903835316
2012,North Dakota,3375480771,5373201759,0.6282065930887745,62.820659308877445
2012,Ohio,147888539000,222942729000,0.6633476662968453,66.33476662968452
2012,Oklahoma,18706870296,28957123071,0.646019642563683,64.6019642563683
2012,Oregon,50168200000,60405200000,0.8305278353519233,83.05278353519233
2012,Pennsylvania,85417013664,132543441269,0.6444454199030806,64.44454199030805
2012,Rhode Island,7405666961,12170817034,0.6084773881910942,60.84773881910942
2012,South Carolina,29349683000,44815200000,0.654904652885628,65.4904652885628
2012,South Dakota,7828000000,8452840068,0.9260792747794362,92.60792747794362
2012,Tennessee,37965050141,40991382747,0.9261714925627512,92.61714925627513
2012,Texas,183466065000,220456737000,0.8322089290471536,83.22089290471536
2012,Utah,19061566000,24804225000,0.7684806116699877,76.84806116699878
2012,Vermont,2918189000,4265517000,0.6841348891588054,68.41348891588054
2012,Virginia,51212000000,77859000000,0.6577531178155384,65.77531178155384
2012,Washington,40733000000,36037000000,1.1303105141937453,113.03105141937453
2012,West Virginia,9596792000,15448357000,0.6212176479349876,62.121764793498755
2012,Wisconsin,78613000000,78682700000,0.9991141635963179,99.91141635963179
2012,Wyoming,5749967972,7319204726,0.7856001010020115,78.56001010020115
2013,Alabama,29176275000,44202443000,0.6600602369421075,66.00602369421075
2013,Alaska,9681062000,18535434000,0.5223002601395792,52.23002601395792
2013,Arizona,38206174177,53325583750,0.7164698722496404,71.64698722496404
2013,Arkansas,18406000000,25002000000,0.7361811055115591,73.61811055115591
2013,California,474114353000,654680961000,0.7241914478096454,72.41914478096454
2013,Colorado,37790138000,62783319000,0.6019136707315521,60.19136707315521
2013,Connecticut,26409013000,51641107000,0.5113951759399735,51.139517593997354
2013,Delaware,7519770000,8257269800,0.9106847883303995,91.06847883303995
2013,Florida,131680615000,154125953000,0.8543701591905161,85.4370159190516
2013,Georgia,70724641000,89203314000,0.7928476850086533,79.28476850086533
2013,Hawaii,12748800000,21243700000,0.6001214477703978,60.01214477703978
2013,Idaho,12053500000,14172900000,0.8504610912375026,85.04610912375026
2013,Illinois,94378273444,197337456557,0.4782582845175127,47.82582845175127
2013,Indiana,22636215231,37357428201,0.6059361235791404,60.59361235791404
2013,Iowa,26572044187,33016570898,0.8048093264770152,80.48093264770152
2013,Kansas,13278490000,24328670138,0.5457959651999126,54.579596519991256
2013,Kentucky,25543323553,53490896459,0.4775265558052217,47.752655580522166
2013,Louisiana,30418382242,50220757687,0.6056934152921793,60.56934152921794
2013,Maine,11452000000,14355831744,0.7977245905508992,79.77245905508991
2013,Maryland,37172204000,56577173776,0.6570176896281875,65.70176896281875
2013,Massachusetts,42104859000,68520660000,0.6144841424469641,61.448414244696416
2013,Michigan,55342130534,90444718000,0.6118890274388384,61.188902743883844
2013,Minnesota,46196646000,61531071000,0.7507856640428053,75.07856640428054
2013,Mississippi,20490555000,35542848000,0.5765029015120003,57.65029015120003
2013,Missouri,47126405184,60868081286,0.7742383887963844,77.42383887963844
2013,Montana,7207799000,9753651000,0.738984714544328,73.89847145443281
2013,Nebraska,7703084507,9984898998,0.7714734529155425,77.14734529155425
2013,Nevada,29108541364,50790396359,0.5731111282978204,57.31111282978204
2013,New Hampshire,6070681258,10708768437,0.5668888344830684,56.68888344830684
2013,New Jersey,83903699493,133645439224,0.6278081764718583,62.78081764718583
2013,New Mexico,22266699380,33419659225,0.666275476661447,66.62754766614471
2013,New York,238027500000,264603800000,0.8995619110534315,89.95619110534315
2013,North Carolina,80207071873,86144340282,0.9310776727807781,93.10776727807782
2013,North Dakota,3445321644,5173633887,0.6659384330725836,66.59384330725835
2013,Ohio,156045984000,214828449000,0.7263748573635143,72.63748573635142
2013,Oklahoma,19742554421,29660494078,0.6656178541423419,66.56178541423418
2013,Oregon,54784100000,62593600000,0.8752348482911991,87.52348482911991
2013,Pennsylvania,85300720674,135729968061,0.6284590049830705,62.84590049830705
2013,Rhode Island,7384402574,12206373657,0.6049628482219418,60.49628482219418
2013,South Carolina,29675109000,46859818000,0.6332740985037544,63.32740985037544
2013,South Dakota,8803700000,8803761326,0.9999930341137465,99.99930341137465
2013,Tennessee,39249317926,41913433880,0.9364376595430601,93.64376595430602
2013,Texas,190446347289,233584990212,0.8153192853537049,81.5319285353705
2013,Utah,20931004000,25656302000,0.815823106541231,81.5823106541231
2013,Vermont,3022094000,4481134000,0.6744038450981381,67.44038450981381
2013,Virginia,52124581000,79077591000,0.6591574217277307,65.91574217277308
2013,Washington,43938000000,41946000000,1.0474896295236733,104.74896295236734
2013,West Virginia,10460631000,15841598000,0.6603267549144979,66.0326754914498
2013,Wisconsin,85276100000,85328700000,0.9993835602792496,99.93835602792495
2013,Wyoming,6244501550,8045046972,0.7761920560232125,77.61920560232124
2014,Alabama,30944452000,45976123000,0.6730548376164732,67.30548376164732
2014,Alaska,11502577000,19869121000,0.5789172555746175,57.89172555746175
2014,Arizona,39391565177,57015808000,0.690888484418216,69.08884844182161
2014,Arkansas,20270000000,26174000000,0.77443264308092,77.443264308092
2014,California,508079981000,686356177000,0.7402570240145154,74.02570240145154
2014,Colorado,39296244000,64405820000,0.6101349846954824,61.013498469548246
2014,Connecticut,28327453332,54355649515,0.5211501211880974,52.115012118809744
2014,Delaware,8067032000,8740071700,0.9229938010691605,92.29938010691605
2014,Florida,138621201000,160130502000,0.8656764280923818,86.56764280923818
2014,Georgia,74437842000,92764080000,0.8024425186990481,80.24425186990482
2014,Hawaii,13641800000,22220100000,0.6139396312347829,61.39396312347829
2014,Idaho,13833100000,14928100000,0.9266484013370757,92.66484013370757
2014,Illinois,104011300533,218161837234,0.47676212233873727,47.67621223387373
2014,Indiana,24184843843,38324431849,0.6310555088798023,63.105550887980236
2014,Iowa,28515272363,34645411264,0.8230605821276592,82.30605821276592
2014,Kansas,14562765000,25130466687,0.5794864528931858,57.94864528931858
2014,Kentucky,27210826696,55612712656,0.48929148384320453,48.929148384320456
2014,Louisiana,33371001138,54330547580,0.6142216970823322,61.42216970823322
2014,Maine,12498926122,14991882845,0.8337128999222779,83.37128999222779
2014,Maryland,40614967000,58942351657,0.6890625476965774,68.90625476965774
2014,Massachusetts,44521329000,71421295000,0.6233621078979316,62.33621078979316
2014,Michigan,58126701515,94373879085,0.6159193844585624,61.59193844585624
2014,Minnesota,50677763000,66407464000,0.7631335387239001,76.31335387239001
2014,Mississippi,22569940000,37015288000,0.6097464377421568,60.97464377421568
2014,Missouri,51252539923,63713397535,0.8044232752592606,80.44232752592606
2014,Montana,7993241000,11368505000,0.7031039701350353,70.31039701350353
2014,Nebraska,8622023999,10426112609,0.8269644039291615,82.69644039291614
2014,Nevada,31465556937,53219778849,0.591238024988359,59.1238024988359
2014,New Hampshire,6700553435,11045173866,0.6066498831336731,60.66498831336731
2014,New Jersey,84068362449,137452641350,0.6116169294625199,61.16169294625199
2014,New Mexico,24197811778,34755698418,0.6962257379200856,69.62257379200855
2014,New York,261566100000,273600500000,0.9560147002655331,95.60147002655332
2014,North Carolina,83861954200,89252879825,0.9395994209310657,93.95994209310658
2014,North Dakota,3836310504,6077551973,0.6312262768040667,63.12262768040667
2014,Ohio,166424475000,221721657000,0.7506008986754055,75.06008986754054
2014,Oklahoma,22214515564,30534018037,0.7275333215917167,72.75333215917166
2014,Oregon,60014100000,73458900000,0.8169752065440675,81.69752065440676
2014,Pennsylvania,85898186591,139108875107,0.6174889023071223,61.74889023071223
2014,Rhode Island,7532340586,12136734915,0.6206233092139675,62.06233092139675
2014,South Carolina,31016048000,48795442000,0.6356341233675064,63.56341233675064
2014,South Dakota,9887095388,9887095388,1,100
2014,Tennessee,40994052149,43242897057,0.9479950451738763,94.79950451738763
2014,Texas,201325716243,247067307211,0.8148618225359301,81.48618225359301
2014,Utah,22814728000,26698924000,0.8545186315373609,85.45186315373608
2014,Vermont,3176362000,4697139199,0.6762333125397334,67.62333125397333
2014,Virginia,57144567000,82083384000,0.6961770362683878,69.61770362683878
2014,Washington,47841100000,51174400000,0.9348639163331666,93.48639163331666
2014,West Virginia,11890921000,16370520000,0.7263618382311618,72.63618382311618
2014,Wisconsin,89360400000,89392100000,0.9996453825338033,99.96453825338033
2014,Wyoming,6609612342,8370666482,0.7896160187737844,78.96160187737844
2015,Alabama,32329538000,47568563000,0.6796408375842675,67.96408375842675
2015,Alaska,14353811000,20389653000,0.7039752466606469,70.3975246660647
2015,Arizona,41217599209,59207486000,0.6961551991753205,69.61551991753205
2015,Arkansas,21786000000,27431000000,0.7942109292406402,79.42109292406401
2015,California,521733286000,721294255000,0.7233293241743621,72.33293241743621
2015,Colorado,40531642000,66543522000,0.6090997407681548,60.90997407681547
2015,Connecticut,29835602000,57004451000,0.5233907436456147,52.33907436456147
2015,Delaware,8289879300,9051033500,0.9159041671870952,91.59041671870952
2015,Florida,143195531000,165548928000,0.8649740758212581,86.4974075821258
2015,Georgia,78189768000,99890537000,0.7827545065655218,78.27545065655218
2015,Hawaii,14463700000,23238400000,0.6224051569815477,62.24051569815477
2015,Idaho,13956700000,15488200000,0.901118270683488,90.1118270683488
2015,Illinois,112194663179,227872522388,0.49235713899706357,49.235713899706354
2015,Indiana,24764694852,40904005625,0.6054344672020125,60.54344672020125
2015,Iowa,30154918476,36140313415,0.8343845314712802,83.43845314712802
2015,Kansas,15662010000,25947780558,0.6035972889855207,60.35972889855207
2015,Kentucky,28698829166,58758701204,0.4884183717125171,48.84183717125171
2015,Louisiana,35888243063,55609127649,0.645366050147801,64.53660501478011
2015,Maine,12808738647,15337223063,0.8351406636250994,83.51406636250994
2015,Maryland,43610803000,62337309136,0.6995939286512227,69.95939286512227
2015,Massachusetts,46666919000,77794919000,0.5998710404210331,59.98710404210331
2015,Michigan,60315769015,97333517542,0.6196813855923103,61.968138559231036
2015,Minnesota,55970888000,70676285000,0.7919330791085015,79.19330791085015
2015,Mississippi,24387161000,40364584000,0.6041722367310908,60.41722367310908
2015,Missouri,54720572509,66890430252,0.8180627976654983,81.80627976654982
2015,Montana,8536363000,11821703000,0.7220924937802955,72.20924937802955
2015,Nebraska,9485594650,10778303637,0.8800637808567241,88.00637808567241
2015,Nevada,33717929776,55822053104,0.6040252534814757,60.40252534814757
2015,New Hampshire,7280760612,12303635908,0.5917568324064226,59.175683240642265
2015,New Jersey,84605103386,142149183037,0.5951852946209205,59.518529462092054
2015,New Mexico,25547297971,36800911552,0.6942028578531663,69.42028578531662
2015,New York,283279800000,293437800000,0.9653827829952378,96.53827829952378
2015,North Carolina,87416500562,94240045521,0.9275939976336336,92.75939976336336
2015,North Dakota,4219268807,6502222482,0.64889640714081,64.889640714081
2015,Ohio,172805003516,228476554000,0.7563358274214868,75.63358274214868
2015,Oklahoma,24421462937,31957830215,0.7641777546442228,76.41777546442228
2015,Oregon,61395200000,76196600000,0.8057472380657404,80.57472380657404
2015,Pennsylvania,86271699000,142972903850,0.6034129312398379,60.34129312398379
2015,Rhode Island,7667516512,12489462147,0.6139188719060857,61.39188719060857
2015,South Carolina,31632715000,50281271000,0.6291152624204747,62.911526242047465
2015,South Dakota,10352405041,10352405041,1,100
2015,Tennessee,42738786371,44572360233,0.958862984764211,95.88629847642109
2015,Texas,209990792216,258595170950,0.812044522890964,81.2044522890964
2015,Utah,24312226000,28583269000,0.8505754187878231,85.0575418787823
2015,Vermont,3298613370,5016201218,0.6575919160027603,65.75919160027604
2015,Virginia,62083601000,84711142000,0.7328858935699392,73.28858935699391
2015,Washington,51465900000,56058500000,0.9180748682180222,91.80748682180221
2015,West Virginia,12368170000,16723239000,0.7395798146519343,73.95798146519343
2015,Wisconsin,91502400000,91526500000,0.999736688281536,99.97366882815359
2015,Wyoming,6814919591,8713353524,0.7821236189062033,78.21236189062033
2016,Alabama,33727791206,49871843000,0.6762892481434865,67.62892481434865
2016,Alaska,14485349000,20792821000,0.6966514548458816,69.66514548458817
2016,Arizona,42816522234,62551873068,0.6844962450197815,68.44962450197815
2016,Arkansas,23008000000,28475000000,0.8080070237050044,80.80070237050045
2016,California,525330542000,772712423000,0.6798525898683526,67.98525898683526
2016,Colorado,41168873000,72235936000,0.569922330625023,56.992233062502294
2016,Connecticut,31080750582,66296941409,0.46881122901667827,46.88112290166783
2016,Delaware,8460614400,9504791500,0.890142029943529,89.0142029943529
2016,Florida,145451612000,170374609000,0.8537164830705496,85.37164830705495
2016,Georgia,81016228000,108921463000,0.7438040746845275,74.38040746845274
2016,Hawaii,14998700000,27439200000,0.5466157905478294,54.66157905478294
2016,Idaho,13884200000,16128300000,0.8608594830205292,86.08594830205291
2016,Illinois,117329748174,246427261479,0.4761232481739793,47.612324817397926
2016,Indiana,25427778066,41640897455,0.610644333337892,61.064433333789204
2016,Iowa,31367641387,37487556473,0.8367480929196385,83.67480929196385
2016,Kansas,17408577000,27317754373,0.6372623738503954,63.72623738503954
2016,Kentucky,28843159202,60970544570,0.4730671081490063,47.30671081490063
2016,Louisiana,37368286943,56861378670,0.6571822178260948,65.71822178260948
2016,Maine,13001681459,15959695582,0.8146572340429745,81.46572340429745
2016,Maryland,45151247000,63751376374,0.7082395638820157,70.82395638820157
2016,Massachusetts,48059750000,83529085000,0.5753654550388048,57.536545503880475
2016,Michigan,63276759356,103005659582,0.6143037150849667,61.43037150849667
2016,Minnesota,58022289000,74299132000,0.7809282213418052,78.09282213418052
2016,Mississippi,25185078000,41997513000,0.5996802239218308,59.96802239218309
2016,Missouri,56861587977,69738533094,0.8153539435702889,81.53539435702889
2016,Montana,9046629000,12271623000,0.73719906486697,73.719906486697
2016,Nebraska,10045925478,11207298169,0.8963735350405488,89.63735350405489
2016,Nevada,35896247280,58803940820,0.6104394838073711,61.04394838073711
2016,New Hampshire,7636066231,12732865722,0.5997130887673081,59.97130887673081
2016,New Jersey,83885675164,148421739141,0.5651845588759001,56.518455887590015
2016,New Mexico,26560773073,38010669645,0.6987715112904846,69.87715112904847
2016,New York,297520200000,306990100000,0.9691524254365206,96.91524254365206
2016,North Carolina,89818663476,98907974894,0.9081033513451161,90.8103351345116
2016,North Dakota,4494570629,6985959318,0.6433720015258755,64.33720015258754
2016,Ohio,177559124807,240971815633,0.7368460263312391,73.6846026331239
2016,Oklahoma,25692161766,33975869095,0.7561885082074602,75.61885082074602
2016,Oregon,60000100000,80970300000,0.741013680324761,74.1013680324761
2016,Pennsylvania,87131832090,149659706466,0.5821996724936433,58.21996724936434
2016,Rhode Island,7693895693,12621161814,0.6096028088686385,60.96028088686385
2016,South Carolina,31648821000,52427303000,0.6036705912566206,60.36705912566206
2016,South Dakota,10851252302,10851252302,1,100
2016,Tennessee,44165202957,45894703752,0.9623158958744857,96.23158958744857
2016,Texas,219072132184,271291457362,0.8075157777330205,80.75157777330205
2016,Utah,25925815000,30476453000,0.8506834768468627,85.06834768468627
2016,Vermont,3423564176,5231475620,0.6544165403183128,65.44165403183128
2016,Virginia,65203736000,87118992000,0.7484445641887133,74.84445641887133
2016,Washington,55186000000,61139000000,0.9026317080750421,90.26317080750421
2016,West Virginia,12824839000,17219685000,0.7447777935542955,74.47777935542955
2016,Wisconsin,95396200000,95414000000,0.9998134445678831,99.9813444567883
2016,Wyoming,7063051856,9039303831,0.7813712192942881,78.13712192942882
2017,Alabama,35578029000,51938913000,0.6849975662755976,68.49975662755976
2017,Alaska,14706538000,21049655000,0.6986593366969672,69.86593366969672
2017,Arizona,44437225329,70833794912,0.6273449754344852,62.73449754344852
2017,Arkansas,24288000000,30808000000,0.7883666580109062,78.83666580109062
2017,California,567755530000,824961272000,0.6882208283833232,68.82208283833232
2017,Colorado,42045868000,69874232000,0.6017363883155095,60.173638831550946
2017,Connecticut,32494339000,66536270000,0.48837031291354327,48.83703129135433
2017,Delaware,8688641300,10044583200,0.865007649097874,86.50076490978739
2017,Florida,150593242000,178579116000,0.8432858520813823,84.32858520813824
2017,Georgia,84300845000,113495929000,0.7427653638572358,74.27653638572357
2017,Hawaii,15720600000,28648600000,0.5487388563490013,54.873885634900134
2017,Idaho,15296700000,17101000000,0.8944915502017425,89.44915502017426
2017,Illinois,123808524542,253638230277,0.48813037532547,48.813037532547
2017,Indiana,26464153460,42757248040,0.6189395873944558,61.89395873944557
2017,Iowa,32933585331,40463753200,0.8139033758984078,81.39033758984078
2017,Kansas,18256373273,28153826989,0.6484508582130933,64.84508582130934
2017,Kentucky,30248613000,66985505000,0.45156952985575016,45.15695298557502
2017,Louisiana,39139121115,58019122646,0.6745900201525774,67.45900201525774
2017,Maine,13513888452,16501547233,0.8189467485191181,81.8946748519118
2017,Maryland,47440760000,65778815000,0.721216397711026,72.1216397711026
2017,Massachusetts,50411178000,87510222000,0.5760604515435922,57.60604515435922
2017,Michigan,68684070564,108668549000,0.6320510506126295,63.20510506126295
2017,Minnesota,61184617000,76751782000,0.7971751978344945,79.71751978344945
2017,Mississippi,26364446000,43166491000,0.6107618522895456,61.07618522895456
2017,Missouri,59653805381,73801807878,0.8082973452305162,80.82973452305163
2017,Montana,9487546000,13215185000,0.7179275961706174,71.79275961706175
2017,Nebraska,10810539558,12466139649,0.8671922393286515,86.71922393286515
2017,Nevada,38719300694,63320544127,0.6114808586663742,61.14808586663742
2017,New Hampshire,8165684152,13208449000,0.618216730215637,61.8216730215637
2017,New Jersey,87005039897,160668090915,0.5415203442171304,54.15203442171303
2017,New Mexico,27631998639,40065395922,0.689672421877334,68.9672421877334
2017,New York,310891700000,319694500000,0.9724649626440243,97.24649626440242
2017,North Carolina,91801820286,104862953656,0.8754456849189401,87.54456849189401
2017,North Dakota,5013009837,7460831915,0.6719103035844227,67.19103035844228
2017,Ohio,183623774053,239240667279,0.7675274280975811,76.75274280975812
2017,Oklahoma,27204983496,34238838120,0.7945650316944809,79.45650316944808
2017,Oregon,61059000000,84056100000,0.7264077205580559,72.6407720558056
2017,Pennsylvania,88518293767,152608985384,0.5800333023921705,58.00333023921706
2017,Rhode Island,7769216725,13506854678,0.5752054723483863,57.520547234838624
2017,South Carolina,31722464000,55484337000,0.5717372814601713,57.17372814601713
2017,South Dakota,11644038604,11634963501,1.0007799855151431,100.07799855151431
2017,Tennessee,45647499828,48587993632,0.9394810613858442,93.94810613858442
2017,Texas,230366652209,285134662374,0.8079222999090762,80.79222999090761
2017,Utah,27702403000,31713679000,0.8735159046038147,87.35159046038147
2017,Vermont,3573386960,5793418069,0.616801155628805,61.6801155628805
2017,Virginia,69214246000,89851284000,0.7703200546360583,77.03200546360584
2017,Washington,60726000000,65663000000,0.9248130606277508,92.48130606277508
2017,West Virginia,13441493000,17559736000,0.7654723852340377,76.54723852340378
2017,Wisconsin,100802500000,100819300000,0.9998333652386001,99.98333652386002
2017,Wyoming,7314683343,9588652976,0.7628478537400768,76.28478537400768
2018,Alabama,37247016000,53458133000,0.6967511566481381,69.67511566481382
2018,Alaska,14971792000,21882323000,0.6841957318699664,68.41957318699664
2018,Arizona,46614728605,73232718829,0.6365287176329806,63.65287176329806
2018,Arkansas,25172000000,31629000000,0.7958519080590597,79.58519080590597
2018,California,611644372000,879480052000,0.6954613360576825,69.54613360576825
2018,Colorado,42468847000,72349136613,0.5869986704494966,58.69986704494966
2018,Connecticut,33722628000,72548863749,0.46482641157098514,46.48264115709851
2018,Delaware,8950957800,10413117300,0.8595848430517535,85.95848430517535
2018,Florida,156104350000,185950079000,0.8394960133359234,83.94960133359234
2018,Georgia,88436410000,114717694000,0.770904704552377,77.0904704552377
2018,Hawaii,16512700000,29917400000,0.5519430164385942,55.194301643859426
2018,Idaho,16274800000,17889000000,0.9097657778523115,90.97657778523114
2018,Illinois,129386915578,265557863793,0.48722682781804555,48.72268278180456
2018,Indiana,22023734978,36237825667,0.6077554205482016,60.775542054820164
2018,Iowa,34406619857,41787865127,0.823363906062987,82.3363906062987
2018,Kansas,19246613272,29100136425,0.6613925443822039,66.13925443822039
2018,Kentucky,31426092000,68606879000,0.45806036447161513,45.80603644716151
2018,Louisiana,40912017773,59834924729,0.6837481280087798,68.37481280087798
2018,Maine,14184794043,17121045065,0.8285004793309911,82.85004793309912
2018,Maryland,49625798000,68202059000,0.7276290294989481,72.76290294989481
2018,Massachusetts,53305950000,92109896000,0.5787212049398036,57.87212049398036
2018,Michigan,72932694694,116794244000,0.6244545295742485,62.44545295742485
2018,Minnesota,64508032000,79976383000,0.806588515011988,80.6588515011988
2018,Mississippi,27455702000,44396161000,0.6184251381555266,61.84251381555266
2018,Missouri,62388591125,77470785547,0.8053176521251365,80.53176521251365
2018,Montana,9799629000,13734484000,0.7135054363891646,71.35054363891646
2018,Nebraska,11545658962,13001288461,0.8880395967394727,88.80395967394728
2018,Nevada,41342368039,67226030502,0.61497559398171,61.497559398171
2018,New Hampshire,8710939332,13703148691,0.6356888864324446,63.568888643244456
2018,New Jersey,85611902908,158328373973,0.5407236919050248,54.07236919050248
2018,New Mexico,28249485992,41771447285,0.6762869813741001,67.62869813741001
2018,New York,325127500000,330066100000,0.9850375424801274,98.50375424801274
2018,North Carolina,95089183765,109851810761,0.8656132575900962,86.56132575900962
2018,North Dakota,5394846998,7822610702,0.6896478942280362,68.96478942280362
2018,Ohio,185959518727,246851765173,0.7533246464600925,75.33246464600924
2018,Oklahoma,28731058845,35015831302,0.8205162572667228,82.05162572667228
2018,Oregon,67326100000,86574700000,0.77766483741786,77.76648374178599
2018,Pennsylvania,89654086125,157174024920,0.5704128666974905,57.04128666974905
2018,Rhode Island,7900933450,13681959111,0.5774709152322944,57.74709152322944
2018,South Carolina,31685130000,56482847000,0.5609690672993165,56.09690672993165
2018,South Dakota,12235719255,12233387024,1.0001906447491136,100.01906447491136
2018,Tennessee,47581593545,50422351782,0.9436607350390565,94.36607350390564
2018,Texas,242302502580,308930121359,0.7843278651952048,78.43278651952048
2018,Utah,28875694000,33166510000,0.87062805221291,87.062805221291
2018,Vermont,3747924990,6041162405,0.6203979861388944,62.03979861388944
2018,Virginia,73204795000,93174818000,0.7856714568522152,78.56714568522152
2018,Washington,66936000000,71543000000,0.9356051605328264,93.56051605328264
2018,West Virginia,14006656000,17781624000,0.7877039802438742,78.77039802438742
2018,Wisconsin,101410500000,101422300000,0.9998836547780912,99.98836547780911
2018,Wyoming,7318379669,9869615224,0.7415060772788643,74.15060772788642
2019,Alabama,38467115000,55759012000,0.689881574659178,68.9881574659178
2019,Alaska,15140624000,22427200000,0.6751009488478277,67.51009488478277
2019,Arizona,49339932557,76791532648,0.6425178773702342,64.25178773702342
2019,Arkansas,26152000000,32838000000,0.796394421097509,79.6394421097509
2019,California,647185196000,903497652000,0.7163108775848817,71.63108775848816
2019,Colorado,44622388915,73459142685,0.6074449998190855,60.744499981908554
2019,Connecticut,34615026999,70979669625,0.4876752340758729,48.76752340758729
2019,Delaware,9221325500,10772258000,0.8560253105709128,85.60253105709128
2019,Florida,161004533000,191330896000,0.8414978258398998,84.14978258398999
2019,Georgia,91608141000,119668619000,0.7655151514700775,76.55151514700775
2019,Hawaii,17322200000,31396400000,0.5517256755551592,55.17256755551592
2019,Idaho,17239500000,18661700000,0.9237904370984422,92.37904370984423
2019,Illinois,134418470000,273990245198,0.4905958235953328,49.05958235953328
2019,Indiana,22908330014,36945650607,0.6200548545668219,62.00548545668219
2019,Iowa,35973514098,43070390615,0.8352260934794403,83.52260934794403
2019,Kansas,19898329527,29100136425,0.6837881869827007,68.37881869827007
2019,Kentucky,32456721000,71970814000,0.45097059760919195,45.097059760919194
2019,Louisiana,42212573909,61241984336,0.6892750841874027,68.92750841874027
2019,Maine,14813257964,17806042518,0.8319230929065448,83.19230929065448
2019,Maryland,51267756000,70013804000,0.7322521141688002,73.22521141688001
2019,Massachusetts,54991083000,96459365000,0.5700958429489972,57.00958429489972
2019,Michigan,73843059660,119399131000,0.618455587084633,61.8455587084633
2019,Minnesota,66597256000,82304211000,0.809159764620063,80.9159764620063
2019,Mississippi,28024611000,46006859000,0.6091398458651568,60.91398458651568
2019,Missouri,64414319056,79891410665,0.8062733968499015,80.62733968499015
2019,Montana,10122706000,14105594000,0.7176376974978863,71.76376974978864
2019,Nebraska,12130496836,13435710270,0.9028548987905498,90.28548987905498
2019,Nevada,43608971844,70845996286,0.6155460312528295,61.554603125282945
2019,New Hampshire,9121933000,15014165392,0.6075551162411226,60.75551162411226
2019,New Jersey,87241235272,169596638492,0.5144042714980771,51.44042714980771
2019,New Mexico,28883650691,43450571105,0.6647473199190301,66.47473199190301
2019,New York,333632500000,339813300000,0.9818111886733097,98.18111886733098
2019,North Carolina,97266441885,114096441924,0.8524932087697308,85.24932087697307
2019,North Dakota,5717439355,8262764125,0.6919523864539701,69.19523864539701
2019,Ohio,192587958693,251760227396,0.7649657798810038,76.49657798810038
2019,Oklahoma,29737287007,36340050074,0.8183061648634316,81.83061648634316
2019,Oregon,64802300000,89445700000,0.7244875941492995,72.44875941492995
2019,Pennsylvania,90999328000,158172080000,0.5753185265060686,57.531852650606865
2019,Rhode Island,8060085277,13828357028,0.582866443257123,58.2866443257123
2019,South Carolina,32296377000,58176222000,0.5551473761909118,55.51473761909118
2019,South Dakota,12472799657,12461820956,1.0008809868990065,100.08809868990065
2019,Tennessee,50342147330,51635145510,0.9749589515584963,97.49589515584964
2019,Texas,253364406971,323259193880,0.7837809775181637,78.37809775181637
2019,Utah,30373694000,34837514000,0.8718674357762727,87.18674357762727
2019,Vermont,3915360805,6285284790,0.6229408747284465,62.29408747284465
2019,Virginia,76244148000,99133971000,0.7691021274634504,76.91021274634504
2019,Washington,75243000000,77949000000,0.965284994034561,96.52849940345611
2019,West Virginia,14580773000,18188898000,0.8016303681509457,80.16303681509457
2019,Wisconsin,106524400000,106532400000,0.9999249054747663,99.99249054747663
2019,Wyoming,7459695656,10196045970,0.7316263263179462,73.16263263179462
